sector,district,ds,psu,ssu,hhuno,finalweight,sno1,d_wall,d_floor,d_elec,d_water,d_typtoi,d_room,d_house,d_floorarea,d_tenure,d_toil_f,d_hhsatis,d_hhadq,d_tv,d_mobile,d_clothsat,d_clothaqy,d_clothbuy
Urban,Badulla,21,35,1,1,353.7029458,2,0,0,0,0,0,0,0,0,0,0,0,0,0,1,0,0,1
Urban,Badulla,21,35,2,1,353.7029458,1,0,0,0,0,0,0,0,0,0,0,0,0,0,0,0,0,1
Urban,Badulla,21,35,3,1,353.7029458,1,0,0,0,0,0,0,0,0,0,0,0,0,0,0,0,0,0
Urban,Badulla,21,35,4,1,353.7029458,2,0,0,0,1,0,1,0,0,0,0,1,1,0,0,0,0,0
Urban,Badulla,21,35,5,1,353.7029458,1,0,0,0,0,0,1,0,0,0,0,0,1,0,0,0,0,0
Urban,Badulla,21,35,6,1,353.7029458,2,0,0,0,0,0,1,0,0,0,0,0,0,0,0,0,0,0
Urban,Badulla,21,35,7,1,353.7029458,1,0,0,0,0,0,0,0,0,0,0,0,0,0,0,0,0,0
Urban,Badulla,21,35,8,1,353.7029458,1,0,0,0,0,0,0,0,0,0,0,0,0,0,0,0,0,0
Urban,Badulla,21,35,9,1,353.7029458,1,0,0,0,0,0,0,0,0,0,0,0,0,0,0,0,0,0
Urban,Badulla,21,35,10,1,353.7029458,2,0,0,0,0,0,1,0,0,0,0,0,0,0,0,0,0,0
Urban,Badulla,21,36,1,1,337.0416947,2,0,0,0,0,0,0,0,0,0,0,0,0,0,0,0,0,0
Urban,Badulla,21,36,2,1,337.0416947,2,0,0,0,0,0,0,0,0,0,0,0,0,0,0,0,0,0
Urban,Badulla,21,36,3,1,337.0416947,3,0,0,0,0,0,0,0,0,0,0,0,0,0,0,0,0,0
Urban,Badulla,21,36,4,1,337.0416947,1,0,0,0,0,0,0,0,0,0,0,0,0,0,0,0,0,0
Urban,Badulla,21,36,5,1,337.0416947,2,0,0,0,0,0,0,0,0,0,0,0,0,0,0,0,0,0
Urban,Badulla,21,36,6,1,337.0416947,2,0,0,0,0,0,1,0,1,0,0,1,1,0,0,0,1,0
Urban,Badulla,21,36,7,1,337.0416947,2,0,0,0,0,0,0,0,0,0,0,0,0,0,0,0,0,0
Urban,Badulla,21,36,8,1,337.0416947,1,0,0,0,0,0,0,0,0,0,0,0,0,0,0,0,0,0
Urban,Badulla,21,36,9,1,337.0416947,1,0,0,0,0,0,0,0,0,0,0,0,0,0,0,0,0,0
Urban,Badulla,21,36,10,1,337.0416947,1,0,0,0,0,0,0,0,0,0,0,0,0,0,0,0,0,0
Urban,Badulla,21,39,1,1,377.9327827,1,0,0,0,0,0,1,0,0,0,0,0,0,0,0,0,0,0
Urban,Badulla,21,39,2,1,377.9327827,1,0,0,0,0,0,0,0,0,0,0,0,0,0,0,0,0,0
Urban,Badulla,21,39,3,1,377.9327827,2,0,0,0,0,0,1,0,0,0,0,0,0,0,0,0,0,0
Urban,Badulla,21,39,4,1,377.9327827,2,0,0,0,0,0,0,0,0,0,0,0,0,0,0,0,0,0
Urban,Badulla,21,39,5,1,377.9327827,3,0,0,0,0,0,0,0,0,0,0,0,0,0,0,0,0,0
Urban,Badulla,21,39,6,1,377.9327827,2,0,0,0,0,0,0,0,0,0,0,0,0,0,0,0,0,0
Urban,Badulla,21,39,7,1,377.9327827,1,0,0,0,0,0,0,0,0,0,0,0,0,0,0,0,0,0
Urban,Badulla,21,39,8,1,377.9327827,1,0,0,0,0,0,1,0,0,0,0,0,0,0,0,0,0,0
Urban,Badulla,21,39,9,1,377.9327827,1,0,0,0,0,0,1,0,0,0,0,0,0,0,0,1,1,0
Urban,Badulla,21,39,10,1,377.9327827,2,0,0,0,0,0,1,0,0,0,0,0,0,0,0,0,0,0
Urban,Badulla,33,62,1,1,340.9107958,1,0,0,0,0,0,0,0,0,0,0,0,0,0,0,0,0,1
Urban,Badulla,33,62,2,1,340.9107958,1,0,0,0,0,0,0,0,0,0,0,0,0,0,0,0,0,0
Urban,Badulla,33,62,3,1,340.9107958,1,0,0,0,0,0,0,0,0,0,0,0,0,0,0,0,0,0
Urban,Badulla,33,62,4,1,340.9107958,2,0,0,0,0,0,0,0,0,0,0,0,0,0,0,0,0,0
Urban,Badulla,33,62,5,1,340.9107958,5,0,0,0,0,0,1,0,0,0,0,0,0,0,0,0,0,1
Urban,Badulla,33,62,6,1,340.9107958,1,0,0,0,0,0,0,0,0,0,0,0,0,0,0,0,0,0
Urban,Badulla,33,62,7,1,340.9107958,1,0,0,0,0,0,0,0,0,0,0,0,0,0,0,0,0,1
Urban,Badulla,33,62,8,1,340.9107958,3,0,0,0,0,0,0,0,0,0,0,0,0,0,0,0,0,0
Urban,Badulla,33,62,9,1,340.9107958,1,0,0,0,0,0,0,0,0,0,0,0,0,0,0,0,0,0
Urban,Badulla,33,62,10,1,340.9107958,1,0,0,0,0,0,0,0,0,0,0,0,0,0,0,1,1,0
Urban,Badulla,36,73,1,1,311.508233,1,0,0,0,0,0,1,0,1,0,0,0,1,0,0,0,0,0
Urban,Badulla,36,73,2,1,311.508233,1,0,0,0,0,0,0,0,0,0,0,0,0,0,0,0,0,0
Urban,Badulla,36,73,3,1,311.508233,2,0,0,0,0,0,0,0,1,0,0,0,0,0,0,0,0,
Urban,Badulla,36,73,4,1,311.508233,1,0,1,0,0,0,1,0,1,0,0,0,0,0,0,0,0,0
Urban,Badulla,36,73,5,1,311.508233,1,0,0,0,0,0,1,0,1,0,0,1,0,0,1,0,0,0
Urban,Badulla,36,73,5,2,311.508233,1,0,0,0,0,0,0,0,0,0,0,0,0,0,0,0,0,0
Urban,Badulla,36,73,6,1,311.508233,1,0,0,0,0,0,0,0,0,0,0,0,0,0,0,0,0,0
Urban,Badulla,36,73,7,1,311.508233,2,0,0,0,0,0,0,0,0,0,0,0,0,0,0,0,0,0
Urban,Badulla,36,73,8,1,311.508233,1,1,0,0,0,0,0,0,1,0,0,0,0,0,0,0,0,0
Urban,Badulla,36,73,9,1,311.508233,1,0,0,0,0,0,0,0,1,0,0,0,0,0,0,0,0,0
Urban,Badulla,36,73,10,1,311.508233,2,0,0,0,0,0,0,0,1,0,0,0,0,0,0,0,0,0
Rural,Badulla,3,1,1,1,276.0244025,1,0,0,0,0,0,0,0,0,0,0,0,0,0,0,0,0,0
Rural,Badulla,3,1,2,1,276.0244025,2,0,0,0,0,0,0,0,0,0,0,0,0,0,0,0,0,0
Rural,Badulla,3,1,3,1,276.0244025,1,0,0,1,0,0,0,0,0,0,0,0,0,0,0,0,1,0
Rural,Badulla,3,1,4,1,276.0244025,2,0,0,0,0,0,0,0,1,0,0,0,0,0,0,0,0,0
Rural,Badulla,3,1,5,1,276.0244025,2,0,0,0,0,0,1,0,1,0,0,0,0,0,0,0,0,0
Rural,Badulla,3,1,6,1,276.0244025,1,0,0,0,0,0,0,0,0,0,0,0,0,0,0,0,0,0
Rural,Badulla,3,1,7,1,276.0244025,1,0,0,0,0,0,0,0,0,0,0,0,0,0,1,0,0,0
Rural,Badulla,3,1,8,1,276.0244025,3,0,0,0,0,0,0,0,0,0,0,0,0,0,0,0,0,0
Rural,Badulla,3,1,9,1,276.0244025,1,0,0,0,0,0,0,0,0,0,0,0,0,1,0,0,0,0
Rural,Badulla,3,1,10,1,276.0244025,1,0,0,0,0,0,0,0,0,0,0,0,0,0,1,0,0,0
Rural,Badulla,3,2,1,1,280.1093303,1,0,0,0,0,0,1,0,0,0,0,0,0,0,0,0,0,0
Rural,Badulla,3,2,2,1,280.1093303,2,0,0,1,0,0,1,0,0,0,0,1,0,1,0,0,0,0
Rural,Badulla,3,2,3,1,280.1093303,1,0,0,0,0,0,0,0,0,0,0,0,0,0,0,0,1,0
Rural,Badulla,3,2,4,1,280.1093303,1,0,0,0,1,0,1,0,0,0,0,0,1,0,0,0,0,0
Rural,Badulla,3,2,5,1,280.1093303,1,0,0,0,0,0,0,0,0,0,0,0,0,0,0,0,0,0
Rural,Badulla,3,2,6,1,280.1093303,2,0,0,0,0,0,1,0,0,0,0,1,0,0,0,0,0,0
Rural,Badulla,3,2,7,1,280.1093303,3,0,0,0,1,0,0,0,0,0,0,0,0,0,0,0,0,0
Rural,Badulla,3,2,8,1,280.1093303,2,0,0,1,1,0,1,0,0,0,0,0,0,0,0,0,0,0
Rural,Badulla,3,2,9,1,280.1093303,3,0,0,0,0,1,1,0,0,0,0,1,1,0,1,1,1,0
Rural,Badulla,3,2,10,1,280.1093303,3,0,0,0,0,0,1,0,0,0,0,0,0,0,1,0,0,0
Rural,Badulla,3,3,1,1,271.6685357,3,0,0,0,0,0,1,0,1,0,0,0,0,0,0,0,0,0
Rural,Badulla,3,3,2,1,271.6685357,1,0,0,0,0,0,0,0,0,0,0,0,0,0,1,0,0,0
Rural,Badulla,3,3,3,1,271.6685357,2,0,0,0,0,0,1,0,1,0,0,1,1,0,1,0,0,0
Rural,Badulla,3,3,4,1,271.6685357,1,0,1,0,0,0,0,0,0,0,0,1,1,1,1,1,0,0
Rural,Badulla,3,3,5,1,271.6685357,2,0,0,0,0,0,0,0,0,0,0,0,0,0,0,0,0,0
Rural,Badulla,3,3,6,1,271.6685357,2,0,0,0,0,0,1,0,0,1,0,1,1,0,0,0,0,0
Rural,Badulla,3,3,7,1,271.6685357,1,0,0,1,0,1,1,0,1,0,0,1,1,1,1,0,0,1
Rural,Badulla,3,3,8,1,271.6685357,3,0,0,0,0,0,0,0,0,0,0,0,0,0,0,0,0,1
Rural,Badulla,3,3,9,1,271.6685357,1,1,0,0,0,0,1,0,0,0,0,0,0,0,0,0,0,0
Rural,Badulla,3,3,10,1,271.6685357,2,0,0,0,0,0,1,0,0,0,0,0,0,0,0,0,0,0
Rural,Badulla,3,4,1,1,274.6563822,2,0,0,0,0,0,0,0,1,0,0,0,0,0,0,0,0,0
Rural,Badulla,3,4,2,1,274.6563822,3,0,0,0,0,0,0,0,1,0,0,0,0,0,0,0,0,0
Rural,Badulla,3,4,3,1,274.6563822,1,0,0,0,1,0,0,0,1,0,0,0,0,0,1,0,0,0
Rural,Badulla,3,4,4,1,274.6563822,4,0,0,0,0,0,1,0,0,0,0,1,1,0,0,0,0,0
Rural,Badulla,3,4,5,1,274.6563822,1,0,0,0,0,0,1,0,0,0,0,1,1,1,0,0,0,0
Rural,Badulla,3,4,6,1,274.6563822,2,0,0,0,0,0,1,0,0,0,0,1,1,0,1,0,0,0
Rural,Badulla,3,4,7,1,274.6563822,1,0,0,0,0,0,0,0,1,0,0,0,0,0,0,0,0,0
Rural,Badulla,3,4,8,1,274.6563822,1,0,0,0,0,0,1,0,0,0,0,1,1,0,0,0,0,0
Rural,Badulla,3,4,9,1,274.6563822,1,0,0,0,0,0,1,0,1,0,0,1,1,0,0,1,1,0
Rural,Badulla,3,4,10,1,274.6563822,1,0,0,0,0,0,0,0,1,0,0,0,0,0,0,0,0,0
Rural,Badulla,3,5,1,1,284.2036703,1,0,0,0,0,0,0,0,0,0,0,0,1,0,0,0,0,0
Rural,Badulla,3,5,2,1,284.2036703,1,0,0,1,0,0,1,0,0,0,0,1,1,1,1,1,0,0
Rural,Badulla,3,5,3,1,284.2036703,1,0,0,0,0,0,0,0,0,0,0,0,0,0,0,0,0,0
Rural,Badulla,3,5,4,1,284.2036703,2,0,0,0,1,0,0,0,0,0,0,1,1,0,0,0,0,0
Rural,Badulla,3,5,5,1,284.2036703,2,0,0,0,0,0,0,0,0,0,0,0,0,0,0,0,0,0
Rural,Badulla,3,5,6,1,284.2036703,1,0,0,0,0,0,0,0,0,0,0,0,0,0,0,0,0,0
Rural,Badulla,3,5,7,1,284.2036703,2,0,1,0,1,0,0,0,0,0,0,1,0,1,1,1,1,0
Rural,Badulla,3,5,8,1,284.2036703,2,0,1,1,0,1,1,1,1,0,0,1,1,1,1,0,0,0
Rural,Badulla,3,5,9,1,284.2036703,1,0,0,0,0,0,1,0,0,0,0,0,1,0,0,0,0,0
Rural,Badulla,3,5,10,1,284.2036703,2,0,1,0,1,0,0,0,0,0,0,1,1,0,0,0,0,0
Rural,Badulla,3,6,1,1,295.281919,2,0,0,0,0,0,0,0,0,0,0,0,0,0,0,0,0,0
Rural,Badulla,3,6,2,1,295.281919,1,0,0,0,0,0,0,0,0,0,0,0,0,0,0,0,0,0
Rural,Badulla,3,6,3,1,295.281919,1,0,0,0,0,0,1,0,0,0,0,0,0,0,0,0,0,1
Rural,Badulla,3,6,4,1,295.281919,2,0,0,0,0,0,1,0,0,0,0,0,0,0,0,0,0,0
Rural,Badulla,3,6,5,1,295.281919,1,0,0,0,0,0,1,0,0,0,0,1,1,1,0,1,1,0
Rural,Badulla,3,6,6,1,295.281919,1,0,0,0,0,0,0,0,0,0,0,0,0,0,0,0,0,0
Rural,Badulla,3,6,7,1,295.281919,3,0,0,0,0,0,1,0,1,0,0,0,0,0,0,0,0,0
Rural,Badulla,3,6,8,1,295.281919,2,0,0,0,0,0,0,0,0,0,0,0,0,0,0,0,0,0
Rural,Badulla,3,6,9,1,295.281919,2,0,0,0,0,0,1,0,1,0,0,0,0,0,0,0,0,0
Rural,Badulla,3,6,10,1,295.281919,2,0,0,0,0,0,1,0,0,0,0,1,1,0,0,0,0,0
Rural,Badulla,3,9,1,1,284.5513625,2,0,0,0,0,0,0,0,1,0,0,0,0,0,0,0,0,0
Rural,Badulla,3,9,2,1,284.5513625,2,0,0,0,0,0,1,0,1,0,0,0,1,0,0,0,0,0
Rural,Badulla,3,9,3,1,284.5513625,2,0,0,0,0,0,1,0,0,0,0,1,0,0,0,0,1,0
Rural,Badulla,3,9,4,1,284.5513625,1,0,0,0,0,1,1,0,1,0,0,1,1,0,0,0,0,0
Rural,Badulla,3,9,5,1,284.5513625,2,0,0,0,0,0,0,0,0,0,0,1,0,0,0,0,0,0
Rural,Badulla,3,9,6,1,284.5513625,1,0,0,0,0,0,1,0,0,0,0,0,0,0,0,1,1,0
Rural,Badulla,3,9,7,1,284.5513625,1,0,0,0,0,0,0,0,0,0,0,0,0,0,0,0,0,0
Rural,Badulla,3,9,8,1,284.5513625,2,0,0,0,0,0,0,0,0,0,0,1,1,0,0,0,0,0
Rural,Badulla,3,9,9,1,284.5513625,2,0,0,0,0,0,0,0,0,0,0,0,0,0,0,0,0,0
Rural,Badulla,3,9,10,1,284.5513625,2,0,0,0,0,1,0,0,0,0,1,0,0,0,0,0,0,0
Rural,Badulla,6,10,1,1,341.2389592,1,0,0,0,0,0,1,0,0,0,0,1,1,0,1,1,1,0
Rural,Badulla,6,10,2,1,341.2389592,2,0,0,0,0,0,1,0,0,0,0,0,0,0,0,0,0,0
Rural,Badulla,6,10,3,1,341.2389592,1,0,0,0,0,0,1,0,0,0,0,0,0,0,0,0,0,0
Rural,Badulla,6,10,4,1,341.2389592,1,0,0,0,0,0,1,0,1,0,0,1,1,0,1,1,1,0
Rural,Badulla,6,10,5,1,341.2389592,1,0,0,0,0,0,0,0,0,0,0,1,1,0,0,0,0,0
Rural,Badulla,6,10,6,1,341.2389592,1,0,0,0,0,0,1,0,0,0,0,1,1,0,0,0,0,0
Rural,Badulla,6,10,7,1,341.2389592,2,1,1,0,0,0,1,0,1,0,0,1,1,0,0,1,1,0
Rural,Badulla,6,10,8,1,341.2389592,1,0,0,0,0,0,0,0,0,0,0,0,0,0,1,0,0,0
Rural,Badulla,6,11,2,1,290.3911211,2,0,0,0,0,0,0,0,0,0,0,0,0,0,0,0,0,0
Rural,Badulla,6,11,3,1,290.3911211,3,0,0,0,0,0,0,0,0,0,0,0,0,0,0,0,0,0
Rural,Badulla,6,11,4,1,290.3911211,2,0,0,0,0,0,1,0,0,0,0,0,0,0,0,0,0,0
Rural,Badulla,6,11,5,1,290.3911211,2,0,0,0,0,0,0,0,0,0,0,1,0,0,0,0,1,0
Rural,Badulla,6,11,6,1,290.3911211,2,0,0,0,0,0,1,0,0,0,0,0,0,0,0,0,0,0
Rural,Badulla,6,11,7,1,290.3911211,2,0,0,0,1,0,0,0,0,0,0,0,0,0,0,0,0,0
Rural,Badulla,6,11,8,1,290.3911211,1,0,0,0,0,0,0,0,0,0,0,0,0,0,0,0,0,0
Rural,Badulla,6,11,9,1,290.3911211,2,0,0,0,0,0,1,0,0,0,0,0,0,0,0,0,0,0
Rural,Badulla,6,11,10,1,290.3911211,3,0,0,0,0,0,1,0,0,0,0,1,1,0,0,0,0,0
Rural,Badulla,6,12,1,1,288.8627468,2,0,0,0,0,0,1,0,0,0,0,1,1,0,1,0,0,1
Rural,Badulla,6,12,2,1,288.8627468,1,0,0,0,0,0,0,0,0,0,0,0,0,0,0,0,0,0
Rural,Badulla,6,12,3,1,288.8627468,6,0,0,0,0,0,0,0,0,0,0,0,0,0,0,0,0,0
Rural,Badulla,6,12,4,1,288.8627468,1,0,0,0,0,0,0,0,1,0,0,0,0,0,0,0,0,0
Rural,Badulla,6,12,5,1,288.8627468,1,0,0,0,0,0,1,0,0,0,0,0,0,0,0,0,0,0
Rural,Badulla,6,12,6,1,288.8627468,2,0,0,0,0,0,1,0,0,0,0,1,0,0,0,0,0,0
Rural,Badulla,6,12,7,1,288.8627468,2,0,0,0,0,0,1,0,0,0,0,0,0,0,1,0,0,0
Rural,Badulla,6,12,8,1,288.8627468,2,0,0,0,0,0,0,0,0,0,0,1,1,0,0,0,0,0
Rural,Badulla,6,12,9,1,288.8627468,1,0,0,0,0,0,1,0,1,0,0,1,1,0,0,0,0,0
Rural,Badulla,6,12,10,1,288.8627468,2,0,0,0,0,0,0,0,0,0,0,1,1,0,0,0,0,0
Rural,Badulla,6,13,1,1,316.6213291,2,0,0,0,0,0,1,0,0,0,0,1,0,0,0,1,1,0
Rural,Badulla,6,13,2,1,316.6213291,1,0,0,0,0,0,1,0,0,0,0,1,1,0,0,0,0,0
Rural,Badulla,6,13,4,1,316.6213291,1,0,1,0,0,0,1,0,1,0,0,1,1,0,0,0,0,0
Rural,Badulla,6,13,5,1,316.6213291,1,0,0,0,0,0,0,0,0,0,0,0,0,0,0,0,0,0
Rural,Badulla,6,13,6,1,316.6213291,1,0,0,0,0,0,1,0,0,0,0,1,0,0,0,0,0,0
Rural,Badulla,6,13,7,1,316.6213291,2,0,0,0,0,0,1,0,0,0,0,1,0,0,0,0,0,0
Rural,Badulla,6,13,8,1,316.6213291,1,0,0,0,0,0,1,0,1,0,0,1,0,0,1,0,0,0
Rural,Badulla,6,13,9,1,316.6213291,1,0,1,0,0,0,1,0,0,0,0,1,1,0,1,1,0,0
Rural,Badulla,6,13,10,1,316.6213291,3,0,1,0,1,0,0,0,0,0,0,1,1,0,0,0,0,0
Rural,Badulla,6,15,1,1,288.8627468,4,0,0,0,0,0,0,0,0,0,0,1,1,0,0,1,0,0
Rural,Badulla,6,15,2,1,288.8627468,1,0,0,0,0,0,0,0,0,0,0,1,1,0,1,0,0,0
Rural,Badulla,6,15,3,1,288.8627468,2,0,0,0,0,0,0,0,0,0,0,1,1,0,0,0,0,0
Rural,Badulla,6,15,4,1,288.8627468,2,0,0,0,0,0,0,0,0,0,0,1,1,0,0,0,0,0
Rural,Badulla,6,15,5,1,288.8627468,2,0,0,0,0,0,0,0,0,0,0,1,1,0,1,,,
Rural,Badulla,6,15,6,1,288.8627468,2,0,0,0,0,0,,0,0,0,0,1,1,0,1,0,0,0
Rural,Badulla,6,15,7,1,288.8627468,2,0,0,0,0,0,1,0,1,0,0,1,1,0,1,1,0,0
Rural,Badulla,6,15,8,1,288.8627468,2,0,0,0,0,0,0,0,0,0,0,0,0,0,,0,0,0
Rural,Badulla,6,15,9,1,288.8627468,1,0,0,0,0,0,0,0,0,0,0,0,0,0,0,0,0,0
Rural,Badulla,6,15,10,1,288.8627468,1,0,0,0,1,1,1,0,1,0,0,1,1,1,1,1,0,0
Rural,Badulla,9,16,1,1,288.8627468,1,0,0,0,1,0,1,0,0,0,0,1,1,0,0,1,1,0
Rural,Badulla,9,16,2,1,288.8627468,1,0,1,0,1,0,1,0,0,0,0,0,1,0,0,0,1,0
Rural,Badulla,9,16,3,1,288.8627468,1,0,1,0,1,0,1,0,0,0,0,0,1,1,1,0,1,0
Rural,Badulla,9,16,4,1,288.8627468,1,0,1,0,1,0,1,0,0,0,0,0,1,0,0,1,1,0
Rural,Badulla,9,16,5,1,288.8627468,1,0,1,0,0,0,1,0,0,0,0,0,1,1,1,0,0,0
Rural,Badulla,9,16,6,1,288.8627468,1,0,1,1,0,0,1,0,0,0,0,1,0,1,1,0,0,0
Rural,Badulla,9,16,8,1,288.8627468,2,0,0,0,0,1,1,0,1,0,0,1,1,0,0,1,0,0
Rural,Badulla,9,16,9,1,288.8627468,5,0,0,0,0,0,1,0,0,0,0,1,1,0,0,1,1,0
Rural,Badulla,9,16,10,1,288.8627468,1,0,1,0,0,0,1,0,0,0,0,1,1,1,1,1,0,0
Rural,Badulla,9,17,1,1,288.8627468,1,0,0,0,1,0,1,0,0,0,0,1,1,0,1,1,1,0
Rural,Badulla,9,17,2,1,288.8627468,3,0,0,0,0,0,0,0,0,0,0,0,0,0,0,0,0,1
Rural,Badulla,9,17,3,1,288.8627468,2,0,0,0,0,0,0,0,0,0,0,0,0,0,0,0,0,0
Rural,Badulla,9,17,3,2,288.8627468,2,0,0,0,0,0,0,0,0,0,0,0,0,0,0,0,1,0
Rural,Badulla,9,17,4,1,288.8627468,1,0,0,0,0,0,0,0,0,0,0,0,0,0,0,1,1,0
Rural,Badulla,9,17,5,1,288.8627468,2,0,0,0,0,0,0,0,0,0,0,0,0,0,0,0,0,0
Rural,Badulla,9,17,6,1,288.8627468,2,0,0,0,0,0,0,0,0,0,0,0,0,0,0,0,0,0
Rural,Badulla,9,17,7,1,288.8627468,2,0,0,0,0,0,0,0,0,0,0,0,0,0,0,0,0,0
Rural,Badulla,9,17,8,1,288.8627468,2,0,0,0,0,0,1,0,0,0,0,0,0,0,0,0,1,0
Rural,Badulla,9,17,9,1,288.8627468,1,0,0,0,1,0,1,0,1,0,0,0,0,0,0,0,1,0
Rural,Badulla,9,17,10,1,288.8627468,2,0,0,0,0,0,1,0,0,0,0,0,0,0,0,1,1,0
Rural,Badulla,12,18,1,1,281.4560097,1,0,0,0,0,0,1,0,1,0,0,0,0,0,0,0,0,0
Rural,Badulla,12,18,2,1,281.4560097,2,0,1,0,0,0,1,0,1,0,0,1,0,1,0,1,1,0
Rural,Badulla,12,18,3,1,281.4560097,1,1,1,0,0,0,1,0,1,0,0,1,1,0,0,0,0,1
Rural,Badulla,12,18,4,1,281.4560097,1,1,1,0,0,0,1,0,1,0,0,1,0,0,0,0,0,0
Rural,Badulla,12,18,5,1,281.4560097,2,0,0,0,0,0,0,0,1,0,0,1,1,0,0,0,0,0
Rural,Badulla,12,18,6,1,281.4560097,2,0,0,0,0,0,0,0,1,0,0,0,0,0,0,0,0,0
Rural,Badulla,12,18,7,1,281.4560097,2,0,0,0,0,0,1,0,1,0,0,0,0,0,0,0,0,0
Rural,Badulla,12,18,8,1,281.4560097,1,0,0,0,0,0,0,0,1,0,0,0,0,0,0,0,0,0
Rural,Badulla,12,18,9,1,281.4560097,2,1,0,0,0,0,1,0,1,0,0,1,1,1,0,1,1,0
Rural,Badulla,12,18,10,1,281.4560097,1,0,1,0,0,0,1,0,1,0,0,1,1,0,0,0,0,0
Rural,Badulla,12,19,1,1,270.522255,1,0,0,0,0,0,0,0,1,0,0,0,0,0,0,1,1,0
Rural,Badulla,12,19,2,1,270.522255,1,0,0,0,0,0,1,0,1,0,0,1,0,0,0,0,0,0
Rural,Badulla,12,19,3,1,270.522255,1,0,1,1,0,0,1,0,1,0,0,1,1,1,0,0,0,0
Rural,Badulla,12,19,4,1,270.522255,2,0,0,0,0,0,1,0,1,0,0,1,0,0,1,0,0,
Rural,Badulla,12,19,5,1,270.522255,1,0,1,0,0,1,1,0,1,0,1,0,0,0,0,0,0,0
Rural,Badulla,12,19,6,1,270.522255,1,0,0,0,0,1,1,0,1,0,1,0,0,1,1,1,1,0
Rural,Badulla,12,19,7,1,270.522255,1,0,0,0,0,0,1,0,1,0,0,0,1,0,1,0,1,0
Rural,Badulla,12,19,8,1,270.522255,1,0,0,0,0,0,0,0,1,0,0,0,0,0,0,0,0,0
Rural,Badulla,12,19,9,1,270.522255,1,0,0,0,0,0,0,0,1,0,0,1,1,0,0,0,0,0
Rural,Badulla,12,19,10,1,270.522255,1,0,0,0,0,1,0,0,0,0,0,1,0,0,0,0,0,0
Rural,Badulla,15,21,1,1,288.8627468,1,0,0,0,1,0,0,0,0,0,0,1,1,0,0,0,1,0
Rural,Badulla,15,21,2,1,288.8627468,1,0,1,0,1,0,1,0,1,0,0,,1,0,0,0,0,0
Rural,Badulla,15,21,3,1,288.8627468,1,0,0,0,0,0,0,0,0,0,0,0,0,0,0,0,0,0
Rural,Badulla,15,21,4,1,288.8627468,1,0,0,0,0,0,1,0,0,0,0,0,0,0,1,0,0,0
Rural,Badulla,15,21,5,1,288.8627468,1,1,1,0,0,0,1,0,0,0,0,0,0,0,0,0,1,0
Rural,Badulla,15,21,6,1,288.8627468,1,0,0,0,0,0,0,0,0,0,0,0,0,0,0,0,0,0
Rural,Badulla,15,21,7,1,288.8627468,1,0,0,0,0,0,0,0,0,0,0,1,1,0,0,0,1,0
Rural,Badulla,15,21,9,1,288.8627468,1,0,1,0,0,1,1,0,0,0,0,0,0,0,0,0,0,0
Rural,Badulla,15,21,10,1,288.8627468,1,0,0,0,1,0,0,0,0,0,0,0,1,0,0,0,0,0
Rural,Badulla,15,22,1,1,288.8627468,2,0,1,0,1,0,1,0,0,0,0,1,1,0,0,0,1,0
Rural,Badulla,15,22,2,1,288.8627468,1,0,0,0,0,0,1,0,1,0,0,1,1,0,0,0,0,0
Rural,Badulla,15,22,3,1,288.8627468,1,0,0,0,0,0,1,0,0,0,0,0,0,0,0,0,1,0
Rural,Badulla,15,22,4,1,288.8627468,1,0,0,0,0,0,1,0,0,0,0,1,1,0,1,0,1,0
Rural,Badulla,15,22,4,2,288.8627468,1,0,0,0,0,0,1,0,0,0,0,1,1,0,1,0,1,0
Rural,Badulla,15,22,5,1,288.8627468,1,0,0,0,0,0,0,0,0,0,0,1,1,0,0,0,1,0
Rural,Badulla,15,22,6,1,288.8627468,1,0,1,1,0,0,1,0,0,0,0,1,1,1,0,1,1,0
Rural,Badulla,15,22,7,1,288.8627468,1,0,0,0,1,0,1,0,0,0,0,0,1,0,1,0,0,0
Rural,Badulla,15,22,8,1,288.8627468,2,0,0,0,0,0,0,0,0,0,0,0,0,0,0,0,1,0
Rural,Badulla,15,22,9,1,288.8627468,2,0,0,0,0,0,1,0,0,0,0,0,0,0,0,0,1,0
Rural,Badulla,15,22,10,1,288.8627468,2,0,0,0,0,1,1,0,0,0,0,0,0,0,1,0,1,0
Rural,Badulla,18,24,1,1,265.5203026,2,0,0,0,1,0,1,1,0,0,0,0,0,0,1,0,0,0
Rural,Badulla,18,24,2,1,265.5203026,1,0,0,0,1,0,1,0,0,0,0,0,0,0,0,0,0,0
Rural,Badulla,18,24,3,1,265.5203026,1,0,0,0,1,0,1,0,0,0,0,0,0,0,0,1,0,0
Rural,Badulla,18,24,4,1,265.5203026,2,0,0,0,1,0,0,0,0,0,0,0,0,0,0,0,0,1
Rural,Badulla,18,24,5,1,265.5203026,1,0,0,0,1,0,1,0,0,0,0,0,0,0,0,0,0,0
Rural,Badulla,18,24,6,1,265.5203026,1,0,0,0,1,0,0,0,0,0,0,0,0,1,0,0,0,0
Rural,Badulla,18,24,7,1,265.5203026,1,0,0,0,1,0,0,0,0,0,0,0,0,0,0,0,0,0
Rural,Badulla,18,24,8,1,265.5203026,2,0,0,0,1,0,0,0,0,0,0,0,1,0,0,0,0,0
Rural,Badulla,18,24,9,1,265.5203026,1,0,0,0,1,0,1,0,0,0,1,0,0,0,0,0,0,0
Rural,Badulla,18,24,10,1,265.5203026,1,0,0,0,1,0,0,0,1,0,0,0,0,0,0,0,0,1
Rural,Badulla,18,26,1,1,280.948699,7,0,0,0,1,0,1,0,0,0,0,0,0,0,0,0,0,0
Rural,Badulla,18,26,2,1,280.948699,1,0,0,0,1,0,1,0,0,0,0,0,0,0,0,0,0,0
Rural,Badulla,18,26,3,1,280.948699,2,0,0,0,1,0,0,0,0,0,0,0,0,0,0,0,0,1
Rural,Badulla,18,26,4,1,280.948699,1,0,0,0,1,0,0,0,0,0,0,0,0,0,0,0,0,0
Rural,Badulla,18,26,5,1,280.948699,2,0,0,0,1,0,1,0,0,0,0,0,0,0,0,0,0,0
Rural,Badulla,18,26,6,1,280.948699,3,0,0,0,1,0,0,0,0,0,0,0,0,0,0,0,0,0
Rural,Badulla,18,26,7,1,280.948699,5,0,0,0,1,0,1,0,0,0,0,0,0,0,0,0,0,0
Rural,Badulla,18,26,8,1,280.948699,4,0,0,0,1,0,0,0,0,0,0,0,0,0,0,0,0,0
Rural,Badulla,18,26,9,1,280.948699,2,0,0,0,1,0,0,0,0,0,0,0,0,0,0,0,0,0
Rural,Badulla,18,26,10,1,280.948699,2,0,0,0,1,0,0,0,0,0,0,0,0,0,0,0,0,0
Rural,Badulla,18,28,1,1,292.8747294,2,0,0,0,1,0,0,0,0,0,0,0,0,0,0,0,0,0
Rural,Badulla,18,28,2,1,292.8747294,2,0,0,0,1,0,1,0,0,0,0,0,0,0,0,0,0,0
Rural,Badulla,18,28,3,1,292.8747294,1,0,0,0,1,0,0,0,0,0,0,0,0,0,0,0,0,0
Rural,Badulla,18,28,4,1,292.8747294,2,0,0,0,1,0,0,0,0,0,0,0,0,1,0,0,0,0
Rural,Badulla,18,28,5,1,292.8747294,2,0,0,0,1,0,0,0,0,0,0,0,0,0,0,0,0,0
Rural,Badulla,18,28,6,1,292.8747294,2,0,0,0,1,0,0,0,0,0,0,0,0,1,0,0,0,0
Rural,Badulla,18,28,7,1,292.8747294,2,0,0,0,1,0,0,0,0,0,1,0,0,0,0,0,0,0
Rural,Badulla,18,28,8,1,292.8747294,2,0,0,0,1,0,0,0,0,0,0,0,0,0,0,0,0,0
Rural,Badulla,18,28,9,1,292.8747294,6,0,0,0,1,0,0,0,0,0,0,0,0,0,0,0,0,0
Rural,Badulla,18,28,10,1,292.8747294,1,0,0,0,1,0,1,0,0,0,1,0,0,0,0,0,0,0
Rural,Badulla,19,29,1,1,288.8627468,1,0,0,0,0,0,0,0,0,0,0,0,0,0,0,0,0,0
Rural,Badulla,19,29,2,1,288.8627468,1,0,0,0,0,0,1,0,0,0,0,1,1,0,1,0,0,0
Rural,Badulla,19,29,3,1,288.8627468,1,0,0,0,0,0,0,0,0,0,0,0,0,0,0,0,0,0
Rural,Badulla,19,29,4,1,288.8627468,2,1,1,1,0,0,1,0,1,0,0,1,1,1,1,1,1,0
Rural,Badulla,19,29,5,1,288.8627468,2,0,0,0,0,0,1,0,0,0,0,0,0,0,0,0,0,1
Rural,Badulla,19,29,6,1,288.8627468,1,1,0,0,0,0,1,0,0,0,0,0,1,0,0,0,0,0
Rural,Badulla,19,29,7,1,288.8627468,2,0,0,0,0,0,0,0,0,0,0,0,0,0,0,0,0,0
Rural,Badulla,19,29,8,1,288.8627468,1,0,0,0,0,0,0,0,0,0,0,0,0,0,0,0,0,1
Rural,Badulla,19,29,9,1,288.8627468,1,0,0,0,0,0,0,0,0,0,0,,1,1,0,0,0,0
Rural,Badulla,19,29,10,1,288.8627468,1,0,0,0,0,0,1,0,0,0,0,0,0,0,0,0,0,0
Rural,Badulla,19,31,1,1,253.3104088,6,0,0,0,0,0,0,0,0,0,0,0,0,0,0,0,0,0
Rural,Badulla,19,31,2,1,253.3104088,4,0,0,0,0,0,0,0,0,0,0,0,0,0,0,0,0,1
Rural,Badulla,19,31,3,1,253.3104088,1,0,0,0,0,0,1,0,0,0,0,0,0,0,0,0,0,0
Rural,Badulla,19,31,4,1,253.3104088,1,0,0,0,0,0,0,0,0,0,0,0,0,0,0,0,0,0
Rural,Badulla,19,31,5,1,253.3104088,1,0,0,0,0,0,0,0,0,0,0,0,0,0,0,0,0,0
Rural,Badulla,19,31,6,1,253.3104088,1,1,0,0,0,0,1,0,1,0,1,1,1,1,1,0,0,0
Rural,Badulla,19,31,7,1,253.3104088,1,0,1,0,0,0,1,0,1,0,0,0,1,1,0,0,0,0
Rural,Badulla,19,31,8,1,253.3104088,2,0,1,1,0,0,1,0,1,0,0,1,1,1,1,1,0,0
Rural,Badulla,19,31,9,1,253.3104088,1,0,0,0,0,0,1,0,0,0,0,0,0,0,0,0,0,0
Rural,Badulla,19,31,10,1,253.3104088,1,0,0,0,0,0,0,0,0,0,0,0,0,0,0,0,0,0
Rural,Badulla,21,33,1,1,288.8627468,1,0,0,0,1,0,1,0,0,0,0,0,0,0,1,0,1,0
Rural,Badulla,21,33,2,1,288.8627468,1,0,0,0,0,0,0,0,0,0,0,0,1,0,0,0,0,0
Rural,Badulla,21,33,3,1,288.8627468,4,0,0,0,0,0,0,0,0,0,0,0,0,0,0,0,0,0
Rural,Badulla,21,33,4,1,288.8627468,1,0,0,0,0,0,1,0,0,0,0,0,1,0,1,0,1,0
Rural,Badulla,21,33,5,1,288.8627468,1,0,1,0,0,0,1,0,0,0,0,1,1,0,0,0,1,0
Rural,Badulla,21,33,6,1,288.8627468,1,0,0,0,0,0,0,0,0,0,0,0,0,0,0,0,0,0
Rural,Badulla,21,33,7,1,288.8627468,2,0,0,0,0,0,0,0,0,0,0,1,1,0,0,0,1,0
Rural,Badulla,21,33,8,1,288.8627468,1,1,1,0,1,0,1,0,0,0,0,1,1,0,0,0,1,0
Rural,Badulla,21,33,9,1,288.8627468,1,0,1,0,1,1,1,0,0,0,0,0,1,0,1,0,0,0
Rural,Badulla,21,33,10,1,288.8627468,2,0,0,0,1,0,0,0,0,0,0,0,0,0,0,0,0,0
Rural,Badulla,21,37,1,1,265.1854725,1,0,0,0,0,0,1,0,0,0,0,0,0,0,0,0,0,1
Rural,Badulla,21,37,2,1,265.1854725,2,0,0,0,0,0,0,0,0,0,0,0,0,0,0,0,0,1
Rural,Badulla,21,37,3,1,265.1854725,1,0,0,0,0,0,1,0,1,0,0,0,0,0,0,0,0,0
Rural,Badulla,21,37,4,1,265.1854725,1,0,0,0,0,0,1,0,0,0,0,0,0,0,0,0,0,0
Rural,Badulla,21,37,5,1,265.1854725,1,0,0,0,0,0,0,0,0,0,0,0,0,0,0,0,0,0
Rural,Badulla,21,37,6,1,265.1854725,1,0,1,0,0,0,1,0,0,0,0,1,0,0,0,0,0,0
Rural,Badulla,21,37,7,1,265.1854725,4,0,0,0,0,0,0,0,1,0,0,0,0,0,0,0,0,0
Rural,Badulla,21,37,8,1,265.1854725,2,0,0,0,1,0,0,0,0,0,0,0,0,0,0,0,0,0
Rural,Badulla,21,37,9,1,265.1854725,1,0,0,0,1,0,1,0,0,0,0,0,0,0,0,0,0,0
Rural,Badulla,21,37,10,1,265.1854725,2,0,0,0,0,0,1,0,0,0,0,1,0,0,0,0,0,0
Rural,Badulla,27,41,1,1,288.8627468,1,0,0,0,0,0,1,0,0,0,0,1,1,0,0,0,0,0
Rural,Badulla,27,41,2,1,288.8627468,2,0,0,0,0,0,0,0,0,0,0,1,0,0,0,0,0,0
Rural,Badulla,27,41,3,1,288.8627468,1,0,0,0,0,0,0,0,0,0,0,0,0,0,1,0,0,0
Rural,Badulla,27,41,4,1,288.8627468,2,0,0,0,0,0,0,0,0,0,0,1,1,0,0,0,0,1
Rural,Badulla,27,41,5,1,288.8627468,1,0,0,0,0,0,0,0,0,0,0,0,0,0,0,0,0,0
Rural,Badulla,27,41,6,1,288.8627468,1,0,0,0,0,0,0,0,0,0,0,0,0,0,0,1,0,0
Rural,Badulla,27,41,7,1,288.8627468,2,1,0,0,0,0,1,0,0,0,0,0,0,1,1,1,0,0
Rural,Badulla,27,41,8,1,288.8627468,2,0,0,0,0,0,1,0,0,0,0,0,0,0,0,0,0,0
Rural,Badulla,27,41,9,1,288.8627468,4,0,0,0,0,0,0,0,0,0,0,0,0,0,0,0,0,0
Rural,Badulla,27,41,10,1,288.8627468,2,0,0,0,0,0,1,0,0,0,0,0,0,0,0,0,1,0
Rural,Badulla,27,42,1,1,248.9386273,1,0,0,0,0,0,1,0,0,0,0,0,0,0,0,0,0,0
Rural,Badulla,27,42,2,1,248.9386273,1,0,0,0,0,0,0,0,0,0,0,0,0,0,0,0,0,0
Rural,Badulla,27,42,4,1,248.9386273,1,0,0,0,0,0,0,0,0,0,0,0,0,0,0,0,0,0
Rural,Badulla,27,42,5,1,248.9386273,1,0,0,0,0,0,0,0,0,0,0,0,1,0,1,0,0,0
Rural,Badulla,27,42,6,1,248.9386273,1,0,1,0,0,0,0,0,0,0,0,1,0,0,0,0,0,0
Rural,Badulla,27,42,7,1,248.9386273,1,0,0,0,0,0,0,0,0,0,0,0,0,0,0,0,0,0
Rural,Badulla,27,42,8,1,248.9386273,2,0,0,0,0,0,0,0,0,0,0,0,0,0,0,0,0,0
Rural,Badulla,27,42,9,1,248.9386273,1,0,0,0,0,0,0,0,0,0,0,0,0,0,0,0,0,0
Rural,Badulla,27,42,10,1,248.9386273,3,0,0,0,0,0,0,0,0,0,0,1,1,0,0,1,0,0
Rural,Badulla,27,43,1,1,294.3648944,1,0,0,0,0,0,0,0,0,0,0,1,0,0,0,0,0,0
Rural,Badulla,27,43,2,1,294.3648944,2,0,0,0,0,0,0,0,0,0,0,1,1,0,0,0,0,0
Rural,Badulla,27,43,3,1,294.3648944,1,0,0,0,0,0,0,0,0,0,0,0,0,0,0,0,0,0
Rural,Badulla,27,43,4,1,294.3648944,1,0,0,0,0,0,1,0,0,0,0,0,0,0,0,0,0,0
Rural,Badulla,27,43,5,1,294.3648944,1,0,0,0,0,0,0,0,0,0,0,0,0,0,0,0,0,0
Rural,Badulla,27,43,6,1,294.3648944,1,0,1,0,0,0,1,0,1,0,0,0,0,1,0,0,0,0
Rural,Badulla,27,43,7,1,294.3648944,2,0,0,0,0,0,0,0,0,0,0,0,1,0,0,0,0,0
Rural,Badulla,27,43,8,1,294.3648944,2,0,0,0,0,0,0,0,0,0,0,0,0,0,0,0,0,0
Rural,Badulla,27,43,9,1,294.3648944,1,0,0,0,0,0,0,0,0,0,0,1,0,0,0,0,0,0
Rural,Badulla,27,43,10,1,294.3648944,1,0,0,0,0,0,0,0,0,0,0,0,0,0,0,0,0,0
Rural,Badulla,27,44,2,1,284.2776239,2,0,0,0,0,0,0,0,0,0,0,0,0,0,0,0,0,0
Rural,Badulla,27,44,3,1,284.2776239,2,1,1,0,0,0,1,0,1,0,0,1,1,0,0,0,0,0
Rural,Badulla,27,44,4,1,284.2776239,2,0,0,0,0,0,0,0,0,0,0,0,0,0,0,0,0,0
Rural,Badulla,27,44,5,1,284.2776239,4,0,0,0,0,0,0,0,0,0,0,0,0,0,0,0,0,0
Rural,Badulla,27,44,6,1,284.2776239,1,1,0,0,0,0,0,0,0,0,0,0,0,0,0,0,0,0
Rural,Badulla,27,44,7,1,284.2776239,1,0,0,0,1,0,1,0,0,0,0,1,1,0,1,1,0,0
Rural,Badulla,27,44,7,2,284.2776239,2,0,0,0,1,0,1,0,0,0,0,1,1,0,1,1,0,0
Rural,Badulla,27,44,8,1,284.2776239,1,0,0,0,0,0,0,0,0,0,0,0,0,0,0,0,0,0
Rural,Badulla,27,44,8,2,284.2776239,1,0,0,0,0,0,0,0,0,0,0,0,0,0,0,0,0,0
Rural,Badulla,27,44,9,1,284.2776239,1,0,0,0,0,0,0,0,0,0,0,0,0,0,0,0,0,0
Rural,Badulla,27,44,10,1,284.2776239,2,0,0,0,0,0,0,0,0,0,0,0,0,0,0,0,0,0
Rural,Badulla,27,46,1,1,288.8627468,1,0,0,0,1,0,1,0,1,0,0,1,0,1,1,0,0,0
Rural,Badulla,27,46,2,1,288.8627468,1,0,1,0,1,0,0,0,1,1,0,0,0,1,1,0,0,0
Rural,Badulla,27,46,3,1,288.8627468,1,0,1,0,1,0,0,0,0,0,0,0,0,0,0,0,0,0
Rural,Badulla,27,46,4,1,288.8627468,1,0,0,0,0,0,1,0,0,0,0,0,0,0,0,0,0,0
Rural,Badulla,27,46,5,1,288.8627468,1,0,0,0,1,0,1,0,1,0,1,0,0,0,1,0,0,0
Rural,Badulla,27,46,6,1,288.8627468,1,0,0,0,1,0,1,0,1,0,0,0,0,0,1,0,0,0
Rural,Badulla,27,46,7,1,288.8627468,1,0,0,0,1,0,1,0,0,0,1,0,0,0,0,0,0,0
Rural,Badulla,27,46,8,1,288.8627468,1,0,0,0,1,0,0,0,0,0,0,0,0,0,0,0,0,0
Rural,Badulla,27,46,9,1,288.8627468,3,0,0,0,1,0,0,0,0,0,0,1,1,0,0,0,0,0
Rural,Badulla,27,46,10,1,288.8627468,1,0,0,0,1,0,0,0,0,0,0,0,0,0,1,0,0,0
Rural,Badulla,27,49,1,1,291.4651139,1,0,0,0,1,0,0,0,0,0,0,0,0,0,0,0,1,0
Rural,Badulla,27,49,2,1,291.4651139,1,0,1,0,0,0,0,0,0,0,0,1,0,1,1,1,1,0
Rural,Badulla,27,49,3,1,291.4651139,2,0,1,0,1,0,0,0,0,0,0,0,0,0,0,0,0,0
Rural,Badulla,27,49,4,1,291.4651139,1,0,0,0,1,0,1,0,0,0,0,0,0,0,1,0,1,
Rural,Badulla,27,49,5,1,291.4651139,1,0,1,0,1,0,1,0,0,0,0,1,0,0,0,0,0,0
Rural,Badulla,27,49,6,1,291.4651139,1,0,1,0,1,0,1,0,1,0,0,0,1,1,1,0,1,0
Rural,Badulla,27,49,7,1,291.4651139,1,0,0,0,1,0,0,0,0,0,0,0,0,0,0,1,1,0
Rural,Badulla,27,49,8,1,291.4651139,1,0,0,0,1,1,0,0,0,0,0,0,0,1,1,0,1,0
Rural,Badulla,27,49,9,1,291.4651139,2,0,1,0,1,0,0,0,0,0,0,1,0,0,0,0,1,0
Rural,Badulla,27,49,10,1,291.4651139,1,0,0,0,0,0,0,0,0,0,0,0,0,0,0,0,0,0
Rural,Badulla,30,50,1,1,288.8627468,2,0,0,0,0,0,0,0,0,0,0,,0,0,0,0,1,0
Rural,Badulla,30,50,2,1,288.8627468,2,0,0,0,1,0,0,0,0,0,0,1,1,0,0,0,0,0
Rural,Badulla,30,50,3,1,288.8627468,2,0,0,0,0,0,0,0,0,0,0,0,0,0,0,0,0,0
Rural,Badulla,30,50,4,1,288.8627468,1,0,0,0,0,0,0,0,0,0,0,0,0,0,0,0,0,0
Rural,Badulla,30,50,5,1,288.8627468,2,0,0,0,1,0,0,0,0,0,0,0,0,0,0,0,1,0
Rural,Badulla,30,50,6,1,288.8627468,2,0,0,0,0,0,0,0,0,0,0,0,0,0,0,0,0,0
Rural,Badulla,30,50,7,1,288.8627468,2,0,0,0,1,0,0,0,0,0,0,0,0,0,0,0,0,0
Rural,Badulla,30,50,8,1,288.8627468,4,0,0,0,0,0,0,0,0,0,0,0,0,0,0,0,1,0
Rural,Badulla,30,50,9,1,288.8627468,2,0,0,0,0,0,0,0,0,0,0,0,0,0,0,0,0,1
Rural,Badulla,30,50,10,1,288.8627468,1,0,0,0,1,0,0,0,0,0,0,0,0,0,0,0,0,0
Rural,Badulla,30,52,1,1,293.6771259,1,0,1,0,0,0,1,0,0,0,0,1,1,0,1,0,0,0
Rural,Badulla,30,52,2,1,293.6771259,1,0,0,0,0,0,1,0,0,0,0,1,0,0,0,0,0,0
Rural,Badulla,30,52,3,1,293.6771259,1,0,0,0,0,0,1,0,0,0,0,0,0,0,1,0,0,0
Rural,Badulla,30,52,4,1,293.6771259,5,0,0,0,0,0,0,0,0,0,0,1,0,0,0,0,0,0
Rural,Badulla,30,52,5,1,293.6771259,2,0,0,0,0,0,1,0,1,0,1,1,1,0,0,0,0,0
Rural,Badulla,30,52,6,1,293.6771259,2,0,0,0,0,0,1,0,0,0,0,0,0,0,0,0,0,0
Rural,Badulla,30,52,7,1,293.6771259,2,0,0,0,0,0,0,0,0,0,0,0,0,0,0,0,0,0
Rural,Badulla,30,52,8,1,293.6771259,2,0,0,0,0,0,1,0,0,0,0,0,0,0,0,0,0,0
Rural,Badulla,30,52,9,1,293.6771259,1,0,1,0,1,0,1,0,0,0,0,0,0,0,0,0,0,0
Rural,Badulla,30,52,10,1,293.6771259,2,0,0,0,0,0,1,0,1,0,0,1,1,0,0,0,0,1
Rural,Badulla,30,53,1,1,294.3129873,2,0,0,0,1,0,0,0,0,0,0,0,0,0,0,0,0,0
Rural,Badulla,30,53,2,1,294.3129873,1,0,0,0,1,0,0,0,0,0,0,0,0,0,0,0,0,0
Rural,Badulla,30,53,3,1,294.3129873,1,0,0,0,1,0,0,0,0,0,0,0,0,0,1,0,0,0
Rural,Badulla,30,53,4,1,294.3129873,1,0,0,0,1,0,0,0,0,0,0,1,0,0,0,0,0,1
Rural,Badulla,30,53,5,1,294.3129873,1,0,0,0,1,0,0,0,0,0,0,0,0,0,0,0,0,0
Rural,Badulla,30,53,6,1,294.3129873,1,0,1,0,1,0,0,0,0,0,0,1,0,0,0,0,0,0
Rural,Badulla,30,53,7,1,294.3129873,2,0,0,0,1,0,0,0,0,0,0,0,0,0,0,0,0,0
Rural,Badulla,30,53,8,1,294.3129873,2,0,0,0,0,0,0,0,0,0,0,0,0,0,0,0,0,0
Rural,Badulla,30,53,9,1,294.3129873,1,0,0,0,1,0,1,0,0,0,0,1,0,0,0,0,0,1
Rural,Badulla,30,53,10,1,294.3129873,3,0,0,0,0,0,0,0,0,0,0,0,0,0,0,0,0,0
Rural,Badulla,30,54,1,1,291.6672395,2,0,1,0,0,0,1,0,1,0,0,1,1,1,0,1,1,0
Rural,Badulla,30,54,2,1,291.6672395,2,0,0,0,0,0,0,0,0,0,0,0,0,0,0,0,0,0
Rural,Badulla,30,54,3,1,291.6672395,2,0,0,0,0,0,1,0,0,0,0,1,1,0,0,0,1,0
Rural,Badulla,30,54,4,1,291.6672395,3,0,0,0,1,0,0,0,0,0,0,1,0,0,0,0,1,0
Rural,Badulla,30,54,5,1,291.6672395,2,0,0,0,0,0,1,0,0,0,0,1,1,0,0,0,0,0
Rural,Badulla,30,54,6,1,291.6672395,1,0,1,0,0,0,1,0,0,0,0,1,1,0,0,0,1,0
Rural,Badulla,30,54,7,1,291.6672395,3,0,0,0,0,0,0,0,0,0,0,0,0,0,0,0,1,0
Rural,Badulla,30,54,8,1,291.6672395,1,0,1,0,1,0,1,0,0,0,0,1,1,0,1,1,1,0
Rural,Badulla,30,54,9,1,291.6672395,2,0,1,0,0,0,0,0,0,0,0,1,0,0,0,0,1,0
Rural,Badulla,30,54,10,1,291.6672395,1,0,0,0,0,0,0,0,0,0,0,0,0,0,0,0,0,0
Rural,Badulla,30,55,1,1,257.8279063,1,0,0,0,0,0,0,0,0,0,0,1,0,0,0,0,0,0
Rural,Badulla,30,55,2,1,257.8279063,2,0,0,0,0,0,1,0,0,0,0,0,1,0,0,0,0,1
Rural,Badulla,30,55,4,1,257.8279063,1,0,0,0,0,0,0,0,0,0,0,0,0,0,0,0,0,1
Rural,Badulla,30,55,5,1,257.8279063,2,0,0,0,0,0,0,0,0,0,0,0,0,0,0,0,0,0
Rural,Badulla,30,55,6,1,257.8279063,2,0,0,0,0,0,0,0,0,0,0,0,0,0,0,0,0,1
Rural,Badulla,30,55,7,1,257.8279063,1,0,0,0,0,0,1,0,0,0,0,1,0,0,0,0,0,0
Rural,Badulla,30,55,8,1,257.8279063,2,0,0,0,0,0,1,0,0,0,0,1,0,0,0,0,0,0
Rural,Badulla,30,55,9,1,257.8279063,4,0,0,0,0,0,0,0,0,0,0,0,0,0,0,0,0,0
Rural,Badulla,30,55,10,1,257.8279063,5,0,0,0,0,0,0,0,0,0,0,1,1,0,0,0,0,1
Rural,Badulla,30,57,1,1,293.3067891,2,0,0,0,0,0,0,0,0,0,0,0,0,0,0,0,0,0
Rural,Badulla,30,57,2,1,293.3067891,2,0,1,0,1,0,1,0,0,0,0,1,1,0,0,0,0,0
Rural,Badulla,30,57,3,1,293.3067891,2,0,0,0,0,0,0,0,0,0,0,0,0,0,0,0,0,0
Rural,Badulla,30,57,4,1,293.3067891,1,0,0,0,0,0,0,0,0,0,0,0,0,0,0,0,0,0
Rural,Badulla,30,57,5,1,293.3067891,3,0,0,0,0,0,0,0,0,0,0,1,0,0,0,0,1,0
Rural,Badulla,30,57,6,1,293.3067891,2,0,0,0,0,0,0,0,0,0,0,1,0,0,0,0,0,0
Rural,Badulla,30,57,7,1,293.3067891,1,0,0,0,0,0,0,0,0,0,0,0,0,0,1,0,0,0
Rural,Badulla,30,57,8,1,293.3067891,4,0,0,0,0,0,0,0,0,0,0,1,0,0,0,0,0,0
Rural,Badulla,30,57,9,1,293.3067891,2,0,0,0,0,0,0,0,0,0,0,1,0,0,0,1,1,0
Rural,Badulla,30,57,10,1,293.3067891,2,0,0,0,0,0,0,0,0,0,0,1,0,0,0,0,1,1
Rural,Badulla,30,58,1,1,281.9021987,1,0,1,1,1,0,1,1,1,0,1,1,1,1,1,1,1,0
Rural,Badulla,30,58,2,1,281.9021987,1,0,1,0,1,0,1,0,0,0,0,0,0,1,1,1,1,0
Rural,Badulla,30,58,3,1,281.9021987,1,0,0,1,0,0,1,0,0,0,0,1,1,1,0,0,1,0
Rural,Badulla,30,58,4,1,281.9021987,1,0,0,0,0,0,1,0,1,0,0,1,1,0,0,0,0,0
Rural,Badulla,30,58,5,1,281.9021987,1,0,1,0,0,0,1,0,0,0,0,0,0,0,0,0,0,0
Rural,Badulla,30,58,6,1,281.9021987,4,0,0,0,0,0,0,0,0,0,0,1,1,0,0,0,0,0
Rural,Badulla,30,58,7,1,281.9021987,3,0,0,0,0,0,1,0,0,0,0,0,0,0,1,0,0,0
Rural,Badulla,30,58,8,1,281.9021987,2,0,0,0,0,0,1,0,0,0,0,0,0,0,1,0,0,0
Rural,Badulla,30,58,9,1,281.9021987,1,0,0,0,0,0,1,0,0,0,0,0,1,0,1,0,0,0
Rural,Badulla,30,58,10,1,281.9021987,1,0,1,0,1,0,1,0,0,0,0,1,1,0,1,0,0,0
Rural,Badulla,30,59,1,1,169.5498731,1,0,0,0,1,0,0,0,0,0,0,0,0,0,0,0,0,0
Rural,Badulla,30,59,2,1,169.5498731,1,0,0,0,1,0,1,0,0,0,0,0,0,0,0,0,0,0
Rural,Badulla,30,59,3,1,169.5498731,1,0,0,0,1,0,0,0,0,0,0,0,0,0,0,0,0,0
Rural,Badulla,30,59,4,1,169.5498731,1,0,0,0,1,0,1,0,0,0,0,0,0,0,0,0,0,0
Rural,Badulla,30,59,5,1,169.5498731,1,0,0,1,1,0,1,1,0,0,0,0,0,1,0,0,0,0
Rural,Badulla,30,59,6,1,169.5498731,1,0,0,1,1,0,1,1,0,0,0,1,0,1,0,0,0,0
Rural,Badulla,30,59,7,1,169.5498731,2,0,0,0,1,0,1,1,0,0,0,0,0,0,0,0,0,0
Rural,Badulla,30,59,8,1,169.5498731,1,0,0,1,1,0,1,1,0,0,0,0,0,1,0,0,0,0
Rural,Badulla,30,59,9,1,169.5498731,1,0,0,0,1,0,0,0,0,0,0,0,0,0,0,0,0,0
Rural,Badulla,30,59,10,1,169.5498731,2,0,0,0,1,0,1,0,0,0,0,0,1,0,0,0,0,0
Rural,Badulla,33,61,1,1,278.7272119,1,0,0,0,0,0,0,0,0,0,0,0,0,0,0,0,0,0
Rural,Badulla,33,61,2,1,278.7272119,2,0,0,0,0,0,0,0,0,0,0,0,0,0,0,0,0,0
Rural,Badulla,33,61,3,1,278.7272119,2,0,0,0,0,0,1,0,0,0,0,1,0,0,0,0,0,0
Rural,Badulla,33,61,4,1,278.7272119,1,0,0,0,0,0,0,0,0,0,0,1,0,1,0,0,0,0
Rural,Badulla,33,61,5,1,278.7272119,1,0,0,0,0,0,1,0,0,0,0,0,0,0,0,0,1,0
Rural,Badulla,33,61,6,1,278.7272119,1,0,0,0,0,0,0,0,0,0,0,0,0,0,0,0,0,0
Rural,Badulla,33,61,7,1,278.7272119,1,0,0,0,0,0,0,0,0,0,0,0,0,0,1,0,0,0
Rural,Badulla,33,61,8,1,278.7272119,1,0,0,0,0,0,0,0,0,0,0,0,1,0,0,0,0,0
Rural,Badulla,33,61,9,1,278.7272119,1,0,0,0,0,0,1,0,0,0,0,0,0,0,0,0,0,0
Rural,Badulla,33,61,10,1,278.7272119,2,0,0,0,0,0,0,0,0,0,0,0,0,0,0,0,0,0
Rural,Badulla,33,64,1,1,288.8627468,2,0,0,0,1,0,0,0,0,0,0,0,0,0,0,0,0,0
Rural,Badulla,33,64,2,1,288.8627468,2,1,1,1,1,0,1,0,1,0,1,1,1,1,1,1,1,0
Rural,Badulla,33,64,3,1,288.8627468,2,0,0,0,1,0,0,0,0,0,0,0,0,0,0,0,0,0
Rural,Badulla,33,64,4,1,288.8627468,1,0,0,0,1,0,0,0,0,0,0,0,0,0,0,0,0,0
Rural,Badulla,33,64,5,1,288.8627468,5,0,0,0,1,0,0,0,0,0,0,1,0,0,1,1,1,0
Rural,Badulla,33,64,6,1,288.8627468,3,0,0,0,1,0,1,0,0,0,0,0,0,1,0,0,0,0
Rural,Badulla,33,64,7,1,288.8627468,2,0,0,0,1,0,1,0,1,0,0,0,0,0,0,0,0,0
Rural,Badulla,33,64,7,2,288.8627468,2,0,0,0,1,0,1,0,0,0,0,0,0,0,0,0,0,0
Rural,Badulla,33,64,8,1,288.8627468,2,0,0,0,1,0,1,0,0,0,0,0,0,0,0,0,1,0
Rural,Badulla,33,64,9,1,288.8627468,1,0,0,0,1,0,0,0,0,0,0,0,0,0,0,0,0,1
Rural,Badulla,33,64,10,1,288.8627468,3,0,0,0,1,0,0,0,0,0,0,0,0,0,0,0,0,0
Rural,Badulla,33,66,1,1,270.2264406,1,0,0,0,0,0,0,0,0,0,0,0,0,0,0,0,0,0
Rural,Badulla,33,66,2,1,270.2264406,2,1,0,0,0,0,1,0,0,0,0,0,0,0,0,0,0,0
Rural,Badulla,33,66,3,1,270.2264406,1,0,0,0,0,0,1,0,0,0,0,0,0,0,0,0,0,0
Rural,Badulla,33,66,4,1,270.2264406,1,0,0,0,0,0,0,0,0,0,0,0,0,1,0,0,0,0
Rural,Badulla,33,66,5,1,270.2264406,1,0,0,0,0,0,0,0,0,0,0,0,0,0,0,0,0,0
Rural,Badulla,33,66,6,1,270.2264406,2,0,0,0,0,0,0,0,0,0,0,0,0,0,0,0,0,0
Rural,Badulla,33,66,7,1,270.2264406,2,0,1,0,0,0,1,0,1,0,0,1,0,0,0,1,1,0
Rural,Badulla,33,66,8,1,270.2264406,1,0,0,0,0,0,1,0,0,0,0,0,1,0,0,0,0,0
Rural,Badulla,33,66,9,1,270.2264406,2,0,0,0,0,0,0,0,0,0,0,0,0,0,0,0,0,0
Rural,Badulla,33,66,10,1,270.2264406,4,1,0,0,0,0,1,0,1,0,0,1,1,0,0,0,0,0
Rural,Badulla,36,69,1,1,288.8627468,2,0,0,0,1,0,1,0,1,0,0,0,0,0,0,0,0,0
Rural,Badulla,36,69,2,1,288.8627468,1,0,0,0,1,0,0,0,1,1,0,0,0,0,0,0,0,0
Rural,Badulla,36,69,3,1,288.8627468,2,0,0,0,1,0,0,0,1,0,0,0,0,0,0,0,0,0
Rural,Badulla,36,69,4,1,288.8627468,1,0,0,0,1,0,1,0,1,0,0,0,0,1,1,0,0,0
Rural,Badulla,36,69,5,1,288.8627468,1,0,0,0,1,0,1,0,1,0,0,0,0,0,1,0,0,0
Rural,Badulla,36,69,6,1,288.8627468,2,0,0,0,1,0,1,0,1,0,0,0,,0,0,0,0,0
Rural,Badulla,36,69,7,1,288.8627468,1,0,0,0,1,0,1,1,1,0,0,1,1,1,1,0,0,0
Rural,Badulla,36,69,8,1,288.8627468,2,0,0,0,1,0,1,0,1,0,0,0,0,0,0,0,0,0
Rural,Badulla,36,69,9,1,288.8627468,1,0,0,0,1,0,0,0,1,0,0,0,0,0,0,0,0,0
Rural,Badulla,36,69,10,1,288.8627468,1,0,0,0,1,0,0,0,1,1,0,1,0,0,1,0,0,0
Rural,Badulla,36,71,1,1,241.5081982,1,0,0,0,0,0,0,0,0,0,0,0,0,0,1,0,0,
Rural,Badulla,36,71,2,1,241.5081982,1,0,0,0,0,0,0,0,1,0,0,0,0,0,0,0,0,0
Rural,Badulla,36,71,2,2,241.5081982,2,0,0,0,0,0,1,0,0,0,0,0,0,0,0,0,0,0
Rural,Badulla,36,71,3,1,241.5081982,2,0,0,0,0,0,1,0,1,0,0,0,0,0,0,0,0,0
Rural,Badulla,36,71,4,1,241.5081982,2,0,0,0,1,0,0,0,1,0,0,1,0,0,0,0,0,0
Rural,Badulla,36,71,5,1,241.5081982,2,0,0,0,1,0,0,0,1,0,0,0,0,0,0,0,0,0
Rural,Badulla,36,71,6,1,241.5081982,1,0,0,0,0,0,0,0,1,0,0,0,0,0,0,0,0,0
Rural,Badulla,36,71,7,1,241.5081982,1,0,0,0,0,0,0,0,1,0,0,0,0,0,0,0,0,1
Rural,Badulla,36,71,8,1,241.5081982,1,0,0,0,0,0,0,0,0,0,0,0,0,0,1,0,0,0
Rural,Badulla,36,71,9,1,241.5081982,2,0,0,0,0,0,0,0,1,0,0,0,0,0,0,0,0,0
Rural,Badulla,36,71,10,1,241.5081982,1,0,0,0,0,0,1,0,1,0,0,0,0,0,0,0,0,0
Rural,Badulla,36,72,1,1,310.5274528,1,0,0,0,0,0,1,0,1,0,0,0,0,0,0,0,0,0
Rural,Badulla,36,72,2,1,310.5274528,1,0,0,0,0,0,1,0,1,0,0,,,0,0,0,0,0
Rural,Badulla,36,72,3,1,310.5274528,1,0,0,0,0,0,1,0,1,0,0,,,0,0,0,0,0
Rural,Badulla,36,72,4,1,310.5274528,1,0,0,0,0,0,0,0,1,,0,,,0,1,0,0,0
Rural,Badulla,36,72,5,1,310.5274528,2,0,0,0,0,0,0,0,1,0,0,0,0,0,0,0,0,0
Rural,Badulla,36,72,6,1,310.5274528,1,0,0,0,0,0,0,0,1,0,0,0,0,0,0,0,0,0
Rural,Badulla,36,72,7,1,310.5274528,3,0,0,0,0,0,0,0,1,0,0,0,1,0,0,0,0,0
Rural,Badulla,36,72,8,1,310.5274528,1,1,0,0,0,0,1,1,1,0,0,1,1,0,1,0,0,0
Rural,Badulla,36,72,9,1,310.5274528,2,0,1,0,0,0,0,0,1,0,0,0,0,0,0,0,0,0
Rural,Badulla,36,72,10,1,310.5274528,2,0,0,0,0,0,0,0,1,0,0,1,0,0,0,0,0,0
Rural,Badulla,36,72,10,2,310.5274528,2,0,0,0,0,0,1,0,1,0,1,0,0,0,1,0,0,0
Rural,Badulla,42,75,1,1,218.5988354,2,0,0,0,1,0,0,0,0,0,0,0,0,0,0,0,0,0
Rural,Badulla,42,75,2,1,218.5988354,2,0,0,0,1,0,1,0,1,0,0,1,1,0,0,0,0,0
Rural,Badulla,42,75,3,1,218.5988354,7,0,0,0,1,0,0,0,0,0,0,0,1,0,0,0,0,0
Rural,Badulla,42,75,4,1,218.5988354,1,0,0,0,1,0,1,0,0,0,1,0,0,1,0,0,0,0
Rural,Badulla,42,75,5,1,218.5988354,1,0,0,0,1,0,0,0,0,0,0,0,0,0,0,0,0,0
Rural,Badulla,42,75,6,1,218.5988354,1,0,0,0,1,0,1,0,0,0,0,0,0,0,0,0,0,0
Rural,Badulla,42,75,7,1,218.5988354,1,0,0,0,0,0,1,0,0,0,0,0,0,0,0,0,0,0
Rural,Badulla,42,75,8,1,218.5988354,1,0,0,0,1,0,0,0,0,0,0,0,0,0,0,0,0,0
Rural,Badulla,42,75,9,1,218.5988354,1,0,0,0,1,0,0,0,0,0,0,0,0,0,0,0,0,0
Rural,Badulla,42,75,10,1,218.5988354,1,0,0,0,1,0,1,0,1,0,0,1,1,1,1,0,0,0
Rural,Badulla,42,77,1,1,261.2323971,2,1,0,1,1,0,,0,1,0,0,1,1,1,0,0,0,0
Rural,Badulla,42,77,2,1,261.2323971,2,0,0,0,1,0,1,0,0,0,0,0,1,0,0,1,0,0
Rural,Badulla,42,77,3,1,261.2323971,1,0,0,0,1,0,1,0,0,0,0,1,0,0,0,0,0,0
Rural,Badulla,42,77,4,1,261.2323971,2,0,0,0,0,0,0,0,0,0,0,0,0,0,0,0,0,1
Rural,Badulla,42,77,5,1,261.2323971,1,0,0,0,0,0,1,0,0,0,0,0,0,0,0,0,0,0
Rural,Badulla,42,77,6,1,261.2323971,2,0,0,0,0,0,0,0,0,0,0,0,0,0,0,0,0,0
Rural,Badulla,42,77,7,1,261.2323971,1,0,0,0,0,0,0,0,0,0,0,0,0,0,0,1,0,0
Rural,Badulla,42,77,8,1,261.2323971,1,0,0,0,1,0,0,0,0,0,0,0,0,0,0,0,0,0
Rural,Badulla,42,77,9,1,261.2323971,1,0,0,0,1,0,1,0,0,0,0,0,0,1,0,0,0,0
Rural,Badulla,42,77,10,1,261.2323971,2,0,0,0,0,0,0,0,0,0,0,0,0,0,0,0,0,0
Rural,Badulla,24,121,1,1,264.7908513,1,0,0,0,1,0,1,0,0,0,0,0,0,1,1,0,0,0
Rural,Badulla,24,121,2,1,264.7908513,1,0,0,0,1,0,1,0,0,0,0,0,0,0,0,0,0,0
Rural,Badulla,24,121,3,1,264.7908513,2,0,0,0,0,0,0,0,0,0,0,0,0,0,0,0,0,0
Rural,Badulla,24,121,4,1,264.7908513,1,0,0,0,1,0,0,0,0,0,0,1,1,0,0,1,0,0
Rural,Badulla,24,121,5,1,264.7908513,1,0,1,0,1,0,1,0,0,0,1,1,1,1,0,0,0,0
Rural,Badulla,24,121,6,1,264.7908513,1,0,0,0,1,0,1,0,0,0,0,1,0,0,0,0,0,0
Rural,Badulla,24,121,7,1,264.7908513,1,0,1,0,1,0,1,0,0,0,0,1,1,0,0,0,0,0
Rural,Badulla,24,121,8,1,264.7908513,2,0,0,0,0,0,0,0,0,0,0,0,0,0,1,0,0,0
Rural,Badulla,24,121,9,1,264.7908513,1,0,0,0,1,0,0,0,0,0,1,0,0,0,0,0,0,0
Rural,Badulla,24,121,10,1,264.7908513,1,0,0,0,1,0,1,0,0,0,0,0,0,1,0,0,0,0
Rural,Badulla,24,122,1,1,288.8627468,2,0,0,0,0,0,0,0,0,0,0,0,0,0,0,0,1,0
Rural,Badulla,24,122,2,1,288.8627468,1,0,0,0,1,0,0,0,0,0,0,0,0,0,0,0,0,0
Rural,Badulla,24,122,3,1,288.8627468,2,0,0,0,0,0,0,0,0,0,0,0,0,0,1,0,0,0
Rural,Badulla,24,122,4,1,288.8627468,1,0,0,0,0,0,1,0,0,0,0,0,0,0,0,0,0,0
Rural,Badulla,24,122,5,1,288.8627468,1,0,0,0,0,0,0,0,0,0,0,0,0,0,0,0,0,0
Rural,Badulla,24,122,6,1,288.8627468,1,0,0,0,0,0,0,0,0,0,0,0,0,0,0,0,0,0
Rural,Badulla,24,122,7,1,288.8627468,1,0,0,0,0,0,0,0,0,0,0,0,0,0,1,1,0,0
Rural,Badulla,24,122,8,1,288.8627468,1,0,0,0,0,0,0,0,0,0,0,0,0,0,0,0,0,0
Rural,Badulla,24,122,9,1,288.8627468,2,0,0,0,0,0,0,0,0,0,0,0,0,0,0,0,0,0
Rural,Badulla,24,122,10,1,288.8627468,1,0,0,0,0,0,1,0,0,0,0,1,1,0,0,0,0,0
Rural,Badulla,24,124,1,1,291.6138206,1,0,0,0,0,0,0,0,0,0,0,0,0,0,0,0,0,0
Rural,Badulla,24,124,2,1,291.6138206,1,0,0,0,0,0,0,0,0,0,0,0,0,0,0,0,0,0
Rural,Badulla,24,124,3,1,291.6138206,3,0,1,0,0,1,1,0,1,0,0,1,1,0,1,0,1,0
Rural,Badulla,24,124,4,1,291.6138206,1,0,0,0,0,0,0,0,0,0,0,0,0,0,0,0,0,0
Rural,Badulla,24,124,5,1,291.6138206,1,0,0,0,0,0,0,0,0,0,0,0,0,0,0,0,0,0
Rural,Badulla,24,124,6,1,291.6138206,2,0,0,0,0,0,0,0,0,0,0,0,0,0,0,0,0,0
Rural,Badulla,24,124,7,1,291.6138206,3,0,0,0,0,0,1,0,0,0,0,0,0,0,0,0,1,0
Rural,Badulla,24,124,8,1,291.6138206,3,0,0,0,0,0,0,0,0,0,0,0,0,0,0,0,0,0
Rural,Badulla,24,124,9,1,291.6138206,2,0,0,0,0,0,0,0,0,0,0,0,0,0,0,0,0,0
Rural,Badulla,24,124,10,1,291.6138206,1,0,0,0,0,0,1,0,0,0,0,0,0,0,0,0,0,0
Rural,Badulla,24,125,1,1,261.8468065,1,0,0,0,1,0,0,0,0,0,0,0,0,0,0,0,0,0
Rural,Badulla,24,125,2,1,261.8468065,1,0,0,0,0,0,1,0,1,0,0,1,1,0,0,0,0,0
Rural,Badulla,24,125,3,1,261.8468065,1,0,0,0,0,0,1,0,0,0,0,0,0,0,0,0,0,0
Rural,Badulla,24,125,4,1,261.8468065,2,0,0,0,0,0,1,0,0,0,0,0,1,0,0,0,0,0
Rural,Badulla,24,125,5,1,261.8468065,1,0,0,0,0,0,1,0,0,0,0,0,0,0,0,0,0,0
Rural,Badulla,24,125,6,1,261.8468065,2,0,0,0,1,0,0,1,0,0,0,1,1,0,0,0,0,0
Rural,Badulla,24,125,7,1,261.8468065,1,0,0,0,1,0,0,0,0,0,0,1,1,0,0,0,0,0
Rural,Badulla,24,125,8,1,261.8468065,1,0,0,0,1,0,1,0,1,0,0,1,1,0,0,0,0,0
Rural,Badulla,24,125,9,1,261.8468065,1,0,0,0,0,0,0,0,0,0,0,0,0,0,0,0,0,0
Rural,Badulla,24,125,10,1,261.8468065,2,0,0,0,1,1,1,0,1,0,0,1,1,0,0,0,0,0
Rural,Badulla,24,126,1,1,288.8627468,3,0,0,0,0,0,0,0,0,0,0,0,0,0,0,0,0,0
Rural,Badulla,24,126,2,1,288.8627468,2,0,0,0,0,0,1,0,1,0,0,0,0,0,0,0,0,0
Rural,Badulla,24,126,3,1,288.8627468,1,0,0,0,0,0,0,0,0,0,0,0,0,0,0,0,0,0
Rural,Badulla,24,126,4,1,288.8627468,2,0,0,0,0,0,0,0,0,0,0,0,0,0,0,0,0,0
Rural,Badulla,24,126,5,1,288.8627468,1,0,0,0,0,0,0,0,1,0,0,1,0,0,1,1,0,0
Rural,Badulla,24,126,6,1,288.8627468,3,0,0,0,0,0,0,0,0,0,0,0,0,0,0,0,0,0
Rural,Badulla,24,126,7,1,288.8627468,2,0,0,0,0,0,1,0,0,0,0,0,0,0,0,0,0,0
Rural,Badulla,24,126,8,1,288.8627468,4,0,0,0,0,0,0,0,0,0,0,0,0,0,0,0,0,0
Rural,Badulla,24,126,9,1,288.8627468,2,0,0,0,0,0,0,0,0,0,0,0,0,0,0,0,0,0
Rural,Badulla,24,126,10,1,288.8627468,2,0,0,0,0,0,0,0,0,0,0,0,0,0,0,0,0,0
Rural,Badulla,24,127,1,1,261.2056753,1,0,0,0,0,0,1,0,1,0,0,0,0,0,0,0,0,0
Rural,Badulla,24,127,2,1,261.2056753,2,0,0,0,0,0,0,0,0,0,0,0,0,0,0,0,0,0
Rural,Badulla,24,127,3,1,261.2056753,2,0,0,0,0,0,0,0,0,0,0,0,0,0,0,0,0,0
Rural,Badulla,24,127,4,1,261.2056753,1,0,0,0,0,0,0,0,0,0,0,0,0,0,0,0,0,0
Rural,Badulla,24,127,5,1,261.2056753,1,0,0,0,0,0,0,0,0,0,0,0,0,0,0,0,0,0
Rural,Badulla,24,127,6,1,261.2056753,1,0,0,0,0,0,0,0,0,0,0,0,0,0,0,0,0,0
Rural,Badulla,24,127,7,1,261.2056753,1,0,0,0,0,0,0,0,0,0,0,0,0,0,0,0,0,0
Rural,Badulla,24,127,8,1,261.2056753,1,0,0,0,0,0,0,0,0,0,0,0,0,0,0,0,0,0
Rural,Badulla,24,127,9,1,261.2056753,2,0,0,0,0,0,0,0,0,0,0,0,0,0,0,0,0,0
Rural,Badulla,24,127,10,1,261.2056753,1,0,0,0,0,0,0,0,0,0,0,0,0,0,0,0,0,0
Rural,Badulla,39,129,1,1,260.3833211,2,0,0,0,1,0,1,0,1,0,0,0,1,0,0,0,0,0
Rural,Badulla,39,129,2,1,260.3833211,2,0,0,0,0,0,0,0,1,0,0,0,0,0,1,0,0,0
Rural,Badulla,39,129,3,1,260.3833211,2,0,0,0,0,0,0,0,1,0,0,0,0,0,0,0,0,0
Rural,Badulla,39,129,4,1,260.3833211,1,0,0,0,0,0,0,0,1,0,0,0,1,0,0,0,0,0
Rural,Badulla,39,129,5,1,260.3833211,2,0,1,0,0,0,0,0,0,0,0,0,0,0,0,0,0,0
Rural,Badulla,39,129,6,1,260.3833211,2,0,0,0,0,0,1,0,1,0,0,0,1,1,0,0,0,0
Rural,Badulla,39,129,7,1,260.3833211,2,0,0,0,0,0,0,0,1,0,0,0,0,0,0,0,0,0
Rural,Badulla,39,129,8,1,260.3833211,2,0,0,0,0,0,1,0,1,0,0,0,0,0,0,0,0,0
Rural,Badulla,39,129,8,2,260.3833211,2,0,0,0,0,0,0,0,1,0,0,0,0,0,0,0,0,0
Rural,Badulla,39,129,9,1,260.3833211,2,0,0,0,0,0,0,0,1,0,0,0,0,0,0,0,0,0
Rural,Badulla,39,129,10,1,260.3833211,2,0,0,0,0,0,0,0,1,0,0,0,0,0,0,0,0,0
Rural,Badulla,39,130,1,1,288.8627468,3,0,0,0,0,0,0,0,0,0,0,0,0,0,0,0,0,0
Rural,Badulla,39,130,2,1,288.8627468,4,0,0,0,0,0,0,0,0,0,0,0,0,0,0,0,0,1
Rural,Badulla,39,130,3,1,288.8627468,2,0,0,0,0,0,1,0,0,0,0,0,0,0,0,0,0,0
Rural,Badulla,39,130,4,1,288.8627468,1,0,0,0,0,0,0,0,0,0,0,0,0,0,0,0,0,0
Rural,Badulla,39,130,5,1,288.8627468,4,0,0,0,0,0,1,0,0,0,0,0,0,0,0,0,0,0
Rural,Badulla,39,130,6,1,288.8627468,2,0,0,0,0,0,1,0,0,0,0,0,1,0,1,0,0,0
Rural,Badulla,39,130,7,1,288.8627468,1,0,0,0,0,0,0,0,0,0,0,0,0,0,0,0,0,0
Rural,Badulla,39,130,8,1,288.8627468,1,0,0,0,0,0,0,0,0,0,0,0,0,0,0,0,0,0
Rural,Badulla,39,130,9,1,288.8627468,1,0,0,0,0,0,0,0,0,0,0,0,0,0,0,0,0,0
Rural,Badulla,39,130,10,1,288.8627468,3,0,0,0,0,0,1,0,0,0,0,0,0,0,0,0,0,0
Rural,Badulla,39,131,1,1,278.9019625,1,0,0,0,0,0,1,0,0,0,0,0,0,0,0,0,0,1
Rural,Badulla,39,131,2,1,278.9019625,1,0,0,0,0,0,0,0,0,0,0,0,0,0,1,0,0,0
Rural,Badulla,39,131,3,1,278.9019625,2,0,0,0,0,0,0,0,0,0,0,0,0,0,0,0,0,0
Rural,Badulla,39,131,4,1,278.9019625,1,0,0,0,0,0,1,0,0,0,0,0,0,1,0,0,0,0
Rural,Badulla,39,131,5,1,278.9019625,1,0,0,0,1,0,1,1,1,0,0,1,1,0,1,0,0,0
Rural,Badulla,39,131,6,1,278.9019625,1,0,0,0,1,0,1,1,1,0,0,0,1,0,1,0,0,0
Rural,Badulla,39,131,7,1,278.9019625,1,0,0,0,0,0,0,0,0,0,0,0,0,0,1,0,0,0
Rural,Badulla,39,131,8,1,278.9019625,1,0,0,0,0,0,0,0,0,0,0,1,0,0,0,1,1,0
Rural,Badulla,39,131,9,1,278.9019625,2,0,0,0,0,0,0,0,0,0,0,0,0,0,0,0,0,0
Rural,Badulla,39,131,10,1,278.9019625,1,0,0,0,0,0,1,0,0,0,0,1,0,0,1,0,0,0
Rural,Badulla,39,133,1,1,285.5802156,1,0,0,0,0,0,0,0,0,0,0,0,0,0,0,0,0,0
Rural,Badulla,39,133,2,1,285.5802156,1,0,1,0,1,0,1,0,0,0,0,0,0,0,0,0,0,0
Rural,Badulla,39,133,3,1,285.5802156,2,1,1,0,1,0,1,1,1,0,0,1,1,1,0,0,0,0
Rural,Badulla,39,133,4,1,285.5802156,2,0,0,0,0,0,0,0,0,0,0,0,0,0,0,0,0,0
Rural,Badulla,39,133,5,1,285.5802156,1,1,1,0,0,0,1,1,1,0,0,1,1,0,0,0,0,0
Rural,Badulla,39,133,6,1,285.5802156,1,0,0,0,1,0,1,0,0,0,0,0,0,0,0,0,0,0
Rural,Badulla,39,133,7,1,285.5802156,2,0,0,0,1,0,0,0,0,0,0,0,0,0,0,0,0,0
Rural,Badulla,39,133,8,1,285.5802156,2,0,0,0,0,0,0,0,0,0,0,0,0,0,0,0,0,0
Rural,Badulla,39,133,9,1,285.5802156,2,0,0,0,0,0,0,0,0,0,0,0,0,0,0,0,0,0
Rural,Badulla,39,133,10,1,285.5802156,2,0,0,0,1,0,0,0,0,0,0,0,0,1,0,0,0,0
Rural,Badulla,42,135,1,1,288.8627468,2,0,0,0,0,1,0,0,0,0,0,0,0,1,0,0,0,0
Rural,Badulla,42,135,2,1,288.8627468,2,0,0,0,0,0,0,0,0,0,0,0,0,0,0,0,0,0
Rural,Badulla,42,135,3,1,288.8627468,1,0,0,0,0,0,0,0,0,0,0,0,0,1,0,0,0,0
Rural,Badulla,42,135,4,1,288.8627468,2,1,0,1,1,1,1,1,1,0,0,1,1,1,1,0,0,0
Rural,Badulla,42,135,5,1,288.8627468,1,0,0,0,1,0,0,0,0,0,0,0,0,0,0,0,0,0
Rural,Badulla,42,135,6,1,288.8627468,2,0,0,0,1,0,0,0,0,0,0,0,0,0,0,1,0,0
Rural,Badulla,42,135,7,1,288.8627468,2,1,0,0,1,0,1,0,0,0,0,0,0,0,0,1,0,0
Rural,Badulla,42,135,8,1,288.8627468,2,0,0,0,1,0,1,0,0,0,0,0,0,0,1,0,0,0
Rural,Badulla,42,135,9,1,288.8627468,2,1,1,0,1,0,1,1,1,0,0,1,1,1,0,0,0,0
Rural,Badulla,42,135,10,1,288.8627468,2,0,0,0,0,0,1,0,0,0,0,0,0,0,0,0,0,0
Rural,Moneragala,6,1,1,1,292.792539,2,0,0,0,0,0,0,0,0,0,0,0,0,0,0,0,0,0
Rural,Moneragala,6,1,2,1,292.792539,2,0,0,0,0,0,0,0,0,0,0,0,0,0,0,0,0,0
Rural,Moneragala,6,1,3,1,292.792539,1,1,1,1,0,1,1,0,1,0,1,1,1,1,1,1,1,0
Rural,Moneragala,6,1,4,1,292.792539,1,0,0,0,0,0,0,0,0,0,0,0,0,0,0,0,0,0
Rural,Moneragala,6,1,6,1,292.792539,1,0,0,0,0,0,1,0,0,0,0,0,0,1,1,0,0,0
Rural,Moneragala,6,1,7,1,292.792539,2,0,0,0,0,0,0,0,0,0,0,0,0,0,1,0,0,0
Rural,Moneragala,6,1,8,1,292.792539,2,0,0,0,0,0,0,0,0,0,0,0,0,0,0,0,0,0
Rural,Moneragala,6,1,9,1,292.792539,1,0,0,0,0,0,0,0,0,0,0,0,0,0,0,0,0,0
Rural,Moneragala,6,1,10,1,292.792539,2,0,0,0,0,0,0,0,0,0,0,0,0,0,0,0,0,0
Rural,Moneragala,6,2,1,1,332.7187943,3,0,0,0,0,0,1,0,0,0,0,1,0,0,0,0,0,0
Rural,Moneragala,6,2,2,1,332.7187943,2,0,0,0,0,1,1,0,0,0,0,1,1,0,0,1,1,0
Rural,Moneragala,6,2,3,1,332.7187943,1,0,0,0,0,0,0,0,0,0,0,0,0,0,0,0,0,0
Rural,Moneragala,6,2,4,1,332.7187943,2,0,0,0,0,0,0,0,0,0,0,0,0,1,1,0,0,0
Rural,Moneragala,6,2,5,1,332.7187943,2,0,0,0,0,0,0,0,0,0,0,0,0,0,0,0,0,0
Rural,Moneragala,6,2,6,1,332.7187943,1,0,0,1,0,0,1,0,1,0,0,1,1,1,1,0,0,0
Rural,Moneragala,6,2,7,1,332.7187943,1,0,0,0,0,0,0,0,0,0,0,0,0,0,1,0,0,0
Rural,Moneragala,6,2,8,1,332.7187943,1,0,0,0,0,0,1,0,1,0,0,0,0,1,1,0,0,0
Rural,Moneragala,6,2,9,1,332.7187943,2,1,1,0,0,1,1,0,1,1,0,1,1,0,0,1,1,0
Rural,Moneragala,6,2,10,1,332.7187943,2,0,0,0,0,0,0,0,0,0,0,0,0,0,0,0,0,1
Rural,Moneragala,6,3,1,1,269.5443397,1,0,0,0,0,0,0,0,0,0,0,0,0,1,0,0,0,0
Rural,Moneragala,6,3,2,1,269.5443397,1,0,0,0,0,0,0,0,0,1,0,0,0,0,0,1,1,0
Rural,Moneragala,6,3,3,1,269.5443397,2,0,0,0,0,0,0,0,0,0,0,1,0,0,0,0,0,0
Rural,Moneragala,6,3,4,1,269.5443397,2,0,0,0,0,0,1,0,1,0,0,1,0,1,0,0,1,0
Rural,Moneragala,6,3,5,1,269.5443397,2,0,0,0,0,0,0,0,0,0,0,0,0,0,0,0,0,0
Rural,Moneragala,6,3,6,1,269.5443397,2,0,0,0,0,0,0,0,0,0,0,0,0,0,0,0,1,0
Rural,Moneragala,6,3,7,1,269.5443397,2,0,0,0,0,0,1,0,0,0,0,1,0,1,0,1,1,0
Rural,Moneragala,6,3,8,1,269.5443397,1,0,0,0,0,0,0,0,0,0,0,0,0,0,0,0,1,0
Rural,Moneragala,6,3,9,1,269.5443397,2,0,0,0,0,0,0,0,0,0,0,0,0,0,0,0,0,0
Rural,Moneragala,6,3,10,1,269.5443397,3,0,0,0,0,0,0,0,0,0,0,0,0,0,0,0,0,1
Rural,Moneragala,9,4,1,1,362.1429053,1,0,0,0,1,0,0,0,0,0,0,1,1,1,1,1,1,0
Rural,Moneragala,9,4,2,1,362.1429053,1,0,0,0,0,0,0,0,0,0,0,0,0,0,0,0,0,0
Rural,Moneragala,9,4,3,1,362.1429053,1,0,0,0,0,0,0,0,0,0,0,0,0,0,0,0,0,0
Rural,Moneragala,9,4,4,1,362.1429053,1,0,0,0,1,0,0,0,0,0,0,0,0,0,0,0,0,0
Rural,Moneragala,9,4,5,1,362.1429053,1,1,1,0,0,0,1,0,0,0,0,1,1,0,0,1,1,0
Rural,Moneragala,9,4,6,1,362.1429053,1,0,0,0,0,0,0,0,0,0,0,0,0,0,0,0,0,0
Rural,Moneragala,9,4,8,1,362.1429053,2,0,0,0,0,0,1,0,0,0,0,0,0,0,1,0,0,0
Rural,Moneragala,9,4,9,1,362.1429053,1,0,0,1,0,0,0,0,0,0,0,1,1,1,1,1,1,0
Rural,Moneragala,9,4,10,1,362.1429053,2,0,0,0,0,0,0,0,0,0,0,0,0,0,0,0,0,0
Rural,Moneragala,9,5,1,1,329.0219188,1,0,0,0,0,0,0,0,0,0,0,0,0,0,0,0,0,0
Rural,Moneragala,9,5,2,1,329.0219188,2,0,0,0,0,0,0,0,0,0,0,0,0,0,0,0,1,0
Rural,Moneragala,9,5,3,1,329.0219188,2,0,0,0,0,0,0,0,0,0,0,0,0,0,0,1,0,0
Rural,Moneragala,9,5,4,1,329.0219188,1,1,1,1,1,1,1,1,1,0,1,1,1,1,1,1,1,0
Rural,Moneragala,9,5,5,1,329.0219188,1,0,0,0,1,0,0,0,0,0,0,0,0,0,0,0,0,0
Rural,Moneragala,9,5,6,1,329.0219188,2,0,0,0,0,0,0,0,0,0,0,0,0,0,1,0,0,0
Rural,Moneragala,9,5,7,1,329.0219188,1,0,0,0,0,0,0,0,0,0,0,0,0,0,0,0,0,1
Rural,Moneragala,9,5,8,1,329.0219188,2,0,0,0,0,0,0,0,0,0,0,0,0,0,0,0,0,0
Rural,Moneragala,9,5,9,1,329.0219188,1,0,0,0,0,0,0,0,0,0,0,0,0,0,0,1,1,0
Rural,Moneragala,9,5,10,1,329.0219188,2,0,0,0,0,0,0,0,0,0,0,0,0,0,0,0,0,0
Rural,Moneragala,9,6,1,1,332.7187943,2,0,0,0,0,0,0,0,0,0,0,0,0,0,0,0,0,0
Rural,Moneragala,9,6,2,1,332.7187943,2,0,0,0,0,0,1,0,0,0,0,0,1,1,0,0,0,0
Rural,Moneragala,9,6,3,1,332.7187943,2,0,0,0,0,0,0,0,0,0,0,0,0,0,0,0,0,0
Rural,Moneragala,9,6,4,1,332.7187943,1,0,0,0,0,0,0,0,0,0,0,0,0,1,0,0,0,0
Rural,Moneragala,9,6,5,1,332.7187943,1,0,0,0,0,0,0,0,1,0,0,0,0,0,0,0,0,0
Rural,Moneragala,9,6,6,1,332.7187943,2,0,0,0,0,0,0,0,0,0,0,0,0,0,0,1,1,0
Rural,Moneragala,9,6,7,1,332.7187943,1,0,0,0,0,1,1,0,0,0,1,1,1,0,0,0,0,0
Rural,Moneragala,9,6,8,1,332.7187943,2,0,1,0,0,0,1,0,0,0,0,1,1,0,0,1,1,0
Rural,Moneragala,9,6,9,1,332.7187943,1,0,1,0,0,0,0,0,0,0,0,0,1,0,0,0,0,0
Rural,Moneragala,9,6,10,1,332.7187943,2,0,0,0,0,0,1,0,0,0,0,0,1,0,0,1,1,0
Rural,Moneragala,9,7,1,1,312.5540189,3,0,0,0,0,0,0,0,0,0,0,0,0,0,0,0,0,0
Rural,Moneragala,9,7,2,1,312.5540189,1,0,0,0,0,0,0,0,0,0,0,0,0,0,0,0,1,0
Rural,Moneragala,9,7,3,1,312.5540189,1,0,1,0,1,0,0,0,0,0,0,0,1,0,0,0,0,0
Rural,Moneragala,9,7,4,1,312.5540189,2,0,0,0,0,0,0,0,0,0,0,1,1,0,0,0,0,0
Rural,Moneragala,9,7,5,1,312.5540189,2,0,0,0,0,0,0,0,0,0,0,0,0,0,0,0,0,0
Rural,Moneragala,9,7,6,1,312.5540189,1,0,1,1,1,1,0,0,0,0,1,1,1,1,1,0,0,0
Rural,Moneragala,9,7,7,1,312.5540189,2,0,0,0,0,0,1,0,0,0,0,0,0,0,0,0,0,0
Rural,Moneragala,9,7,8,1,312.5540189,1,0,0,0,0,0,1,0,0,0,0,0,0,0,0,0,0,0
Rural,Moneragala,9,7,9,1,312.5540189,2,0,0,0,0,0,0,0,0,0,0,0,0,0,0,0,0,0
Rural,Moneragala,9,7,10,1,312.5540189,1,0,0,0,0,0,0,0,0,0,0,0,0,0,1,0,0,0
Rural,Moneragala,12,8,1,1,320.395876,1,0,0,0,0,1,0,0,0,0,1,1,1,0,0,1,0,0
Rural,Moneragala,12,8,2,1,320.395876,1,0,0,0,0,1,0,0,0,0,0,1,0,0,0,1,0,0
Rural,Moneragala,12,8,3,1,320.395876,1,0,0,0,0,0,0,0,0,0,0,0,0,0,0,1,0,0
Rural,Moneragala,12,8,4,1,320.395876,1,0,0,0,0,0,0,0,0,0,0,0,0,0,0,0,0,0
Rural,Moneragala,12,8,5,1,320.395876,1,0,0,0,0,0,0,0,0,0,0,0,0,0,0,0,0,0
Rural,Moneragala,12,8,6,1,320.395876,1,0,0,0,0,0,0,0,0,0,0,0,1,0,0,1,0,0
Rural,Moneragala,12,8,7,1,320.395876,2,0,0,0,0,0,1,0,0,0,0,0,0,0,0,0,0,0
Rural,Moneragala,12,8,8,1,320.395876,2,0,0,0,0,0,,0,1,0,0,0,0,0,0,1,0,0
Rural,Moneragala,12,8,9,1,320.395876,1,0,0,0,0,0,0,0,0,0,0,0,0,0,0,0,0,0
Rural,Moneragala,12,8,10,1,320.395876,2,1,1,0,0,0,1,0,1,0,0,1,1,0,0,1,0,0
Rural,Moneragala,12,9,1,1,309.2878933,1,0,1,0,0,0,1,0,0,0,0,0,1,0,0,0,0,0
Rural,Moneragala,12,9,2,1,309.2878933,1,0,0,0,0,0,0,0,0,0,0,0,0,0,0,0,0,0
Rural,Moneragala,12,9,3,1,309.2878933,2,1,0,0,0,0,1,0,0,0,0,0,1,0,0,0,0,0
Rural,Moneragala,12,9,4,1,309.2878933,1,0,0,0,0,0,1,0,0,0,0,0,0,1,0,0,0,0
Rural,Moneragala,12,9,5,1,309.2878933,1,0,0,0,0,0,1,0,0,0,0,0,0,0,0,1,0,0
Rural,Moneragala,12,9,6,1,309.2878933,1,0,0,0,0,0,0,0,0,0,0,0,0,0,0,0,0,1
Rural,Moneragala,12,9,7,1,309.2878933,3,0,0,0,0,0,0,0,0,0,0,0,0,0,0,0,0,0
Rural,Moneragala,12,9,8,1,309.2878933,1,0,0,0,0,0,0,0,0,0,0,0,0,0,0,0,0,0
Rural,Moneragala,12,9,10,1,309.2878933,2,0,0,0,0,0,,0,0,0,0,0,0,0,0,0,0,0
Rural,Moneragala,12,10,1,1,332.7187943,1,0,0,0,0,0,0,0,0,0,0,0,0,0,0,1,0,0
Rural,Moneragala,12,10,2,1,332.7187943,1,0,0,0,0,0,1,0,0,0,0,0,0,1,0,0,0,0
Rural,Moneragala,12,10,3,1,332.7187943,1,0,0,0,0,0,0,0,0,0,0,0,0,0,0,0,0,0
Rural,Moneragala,12,10,4,1,332.7187943,1,0,0,0,0,0,0,0,0,0,0,0,0,0,0,1,0,0
Rural,Moneragala,12,10,5,1,332.7187943,1,0,0,0,0,0,0,0,0,0,0,1,1,0,0,0,0,0
Rural,Moneragala,12,10,6,1,332.7187943,1,0,0,0,0,0,1,0,0,0,0,1,1,0,0,0,0,0
Rural,Moneragala,12,10,7,1,332.7187943,1,0,0,0,0,0,1,0,0,0,0,1,1,0,0,0,0,0
Rural,Moneragala,12,10,8,1,332.7187943,1,1,1,1,1,0,1,0,0,0,0,1,1,1,1,1,0,0
Rural,Moneragala,12,10,9,1,332.7187943,1,0,0,0,0,0,1,0,0,0,0,0,0,0,0,0,0,0
Rural,Moneragala,12,10,10,1,332.7187943,1,0,0,0,0,0,0,0,0,0,0,0,1,0,0,1,0,0
Rural,Moneragala,12,11,1,1,265.2106331,2,1,1,0,0,0,1,0,1,0,0,1,1,0,1,0,1,0
Rural,Moneragala,12,11,2,1,265.2106331,2,1,1,0,0,0,1,0,0,0,0,1,1,0,1,1,1,0
Rural,Moneragala,12,11,3,1,265.2106331,2,0,0,0,0,0,0,0,0,0,0,0,0,0,0,0,0,0
Rural,Moneragala,12,11,4,1,265.2106331,1,0,0,1,0,0,1,0,0,0,0,1,0,0,1,0,0,0
Rural,Moneragala,12,11,5,1,265.2106331,2,0,0,0,0,0,1,0,0,0,0,0,0,0,1,0,0,0
Rural,Moneragala,12,11,6,1,265.2106331,1,1,1,0,0,0,1,0,0,0,0,1,1,0,1,1,0,0
Rural,Moneragala,12,11,7,1,265.2106331,1,1,1,0,0,0,1,0,1,0,0,1,1,1,1,1,0,0
Rural,Moneragala,12,11,8,1,265.2106331,1,0,0,0,0,0,1,0,0,0,0,0,0,1,1,0,0,0
Rural,Moneragala,12,11,9,1,265.2106331,2,1,1,0,0,0,1,0,1,0,0,1,1,1,0,1,0,0
Rural,Moneragala,12,11,10,1,265.2106331,1,0,1,0,0,0,1,0,1,0,0,1,1,0,0,1,0,0
Rural,Moneragala,12,12,1,1,428.5014775,1,0,0,0,0,0,0,0,0,0,0,0,0,0,0,0,0,0
Rural,Moneragala,12,12,2,1,428.5014775,2,0,0,0,0,0,0,0,0,0,0,1,1,0,0,0,0,0
Rural,Moneragala,12,12,3,1,428.5014775,2,0,0,0,0,0,0,0,0,0,0,0,0,0,0,0,0,0
Rural,Moneragala,12,12,4,1,428.5014775,1,0,0,0,0,0,1,0,0,0,0,0,0,0,0,0,0,0
Rural,Moneragala,12,12,6,1,428.5014775,1,0,0,0,0,0,0,0,0,0,0,0,1,0,0,1,0,0
Rural,Moneragala,12,12,8,1,428.5014775,2,0,0,0,0,0,0,0,0,0,0,0,0,0,0,0,0,0
Rural,Moneragala,12,12,9,1,428.5014775,2,0,0,0,0,0,1,0,0,0,0,0,1,0,0,0,0,0
Rural,Moneragala,12,12,10,1,428.5014775,1,0,0,0,0,0,0,0,0,0,0,1,0,0,0,0,0,0
Rural,Moneragala,15,15,1,1,309.573139,1,0,0,0,0,0,0,0,0,0,0,0,0,0,0,0,0,0
Rural,Moneragala,15,15,2,1,309.573139,4,0,0,0,0,0,1,0,0,0,0,1,1,0,0,0,0,0
Rural,Moneragala,15,15,3,1,309.573139,1,0,0,0,0,0,0,0,0,0,0,0,0,0,0,0,0,0
Rural,Moneragala,15,15,4,1,309.573139,2,0,0,0,0,0,0,0,0,0,0,0,0,0,0,0,0,0
Rural,Moneragala,15,15,5,1,309.573139,1,0,0,0,0,0,1,0,0,0,0,1,1,0,0,0,0,0
Rural,Moneragala,15,15,6,1,309.573139,3,0,0,0,0,0,0,0,0,0,0,0,0,0,0,0,0,1
Rural,Moneragala,15,15,7,1,309.573139,2,0,0,0,0,0,0,0,0,0,0,0,0,0,0,0,0,0
Rural,Moneragala,15,15,8,1,309.573139,2,0,0,0,0,0,0,0,0,0,0,0,0,0,0,0,0,0
Rural,Moneragala,15,15,9,1,309.573139,1,0,0,0,0,0,0,0,0,0,0,0,0,0,0,0,0,0
Rural,Moneragala,15,15,10,1,309.573139,1,0,0,0,0,0,0,0,0,0,0,0,0,1,1,0,0,0
Rural,Moneragala,15,16,1,1,332.7187943,1,0,0,0,0,0,1,0,0,0,0,0,0,0,1,0,0,0
Rural,Moneragala,15,16,2,1,332.7187943,1,0,0,0,0,0,1,0,0,0,0,0,0,0,1,0,0,0
Rural,Moneragala,15,16,3,1,332.7187943,2,0,0,0,0,0,0,0,0,0,0,0,0,0,0,0,0,0
Rural,Moneragala,15,16,4,1,332.7187943,2,1,1,0,0,0,1,0,1,0,0,1,1,0,0,0,1,0
Rural,Moneragala,15,16,5,1,332.7187943,3,0,0,0,0,0,0,0,0,0,0,0,0,0,0,0,0,0
Rural,Moneragala,15,16,6,1,332.7187943,2,0,0,0,0,0,0,0,0,0,0,0,0,0,0,0,0,0
Rural,Moneragala,15,16,7,1,332.7187943,1,0,0,0,0,0,0,0,0,0,0,0,0,0,1,0,0,0
Rural,Moneragala,15,16,8,1,332.7187943,2,0,0,0,0,0,0,0,0,0,0,0,0,0,0,0,0,0
Rural,Moneragala,15,16,9,1,332.7187943,1,0,0,0,0,0,0,0,0,0,0,1,1,0,1,1,1,
Rural,Moneragala,15,16,10,1,332.7187943,1,0,0,0,0,0,,0,0,0,0,0,0,0,0,0,0,0
Rural,Moneragala,15,17,2,1,369.6875492,2,1,0,0,0,0,1,0,0,0,0,1,1,0,0,0,0,0
Rural,Moneragala,15,17,3,1,369.6875492,2,1,0,1,1,1,1,0,0,0,1,1,1,0,1,0,0,0
Rural,Moneragala,15,17,4,1,369.6875492,2,1,0,0,0,0,1,0,1,0,0,1,1,0,0,1,1,0
Rural,Moneragala,15,17,5,1,369.6875492,2,0,0,0,0,0,1,0,0,0,0,0,0,0,1,0,0,0
Rural,Moneragala,15,17,6,1,369.6875492,2,1,0,0,0,0,1,0,1,0,0,1,1,0,0,0,0,0
Rural,Moneragala,15,17,7,1,369.6875492,1,0,0,0,0,0,0,0,0,0,0,0,0,0,0,0,0,0
Rural,Moneragala,15,17,8,1,369.6875492,1,0,0,0,0,0,0,0,0,0,0,0,0,0,0,0,0,0
Rural,Moneragala,15,17,9,1,369.6875492,1,0,0,1,0,0,1,0,1,0,1,1,0,1,1,0,0,0
Rural,Moneragala,15,17,10,1,369.6875492,2,0,0,0,0,0,1,0,1,0,1,0,0,0,0,0,0,0
Rural,Moneragala,15,20,1,1,324.9811479,1,0,0,0,0,0,0,0,0,0,0,0,0,0,0,0,0,0
Rural,Moneragala,15,20,2,1,324.9811479,1,1,1,0,0,0,1,0,1,0,0,1,1,0,0,0,0,0
Rural,Moneragala,15,20,4,1,324.9811479,1,1,1,1,1,1,1,0,1,0,0,0,1,1,1,0,0,0
Rural,Moneragala,15,20,5,1,324.9811479,1,0,0,0,1,0,0,0,0,0,0,1,0,0,0,0,0,
Rural,Moneragala,15,20,6,1,324.9811479,1,0,0,0,0,1,1,0,0,0,0,1,0,0,1,1,1,
Rural,Moneragala,15,20,7,1,324.9811479,2,0,0,0,0,1,1,0,0,0,0,1,0,0,1,0,0,0
Rural,Moneragala,15,20,8,1,324.9811479,2,1,0,0,1,1,0,0,0,0,0,1,1,0,0,0,1,0
Rural,Moneragala,15,20,9,1,324.9811479,2,1,1,0,0,0,1,0,1,0,0,1,1,1,1,0,0,0
Rural,Moneragala,15,20,10,1,324.9811479,2,0,0,0,0,1,1,0,1,0,0,1,1,0,1,0,0,0
Rural,Moneragala,15,20,13,1,324.9811479,1,1,1,0,0,0,1,0,1,0,0,1,1,0,0,1,1,0
Rural,Moneragala,18,21,1,1,369.6875492,1,0,0,0,1,0,0,0,0,0,0,0,0,0,0,0,0,0
Rural,Moneragala,18,21,2,1,369.6875492,1,0,0,0,1,0,1,0,0,0,0,1,1,0,0,0,0,0
Rural,Moneragala,18,21,3,2,369.6875492,1,0,0,0,1,0,0,0,0,0,0,0,0,0,0,0,0,0
Rural,Moneragala,18,21,4,1,369.6875492,1,1,1,1,1,0,1,0,1,0,0,1,1,1,1,0,0,0
Rural,Moneragala,18,21,5,1,369.6875492,1,0,0,0,1,0,0,0,0,0,0,1,1,0,0,0,0,0
Rural,Moneragala,18,21,7,1,369.6875492,1,0,0,0,0,0,0,0,0,0,0,0,0,0,0,0,0,0
Rural,Moneragala,18,21,8,1,369.6875492,1,0,0,0,1,0,1,0,0,0,0,1,0,0,0,0,0,0
Rural,Moneragala,18,21,9,1,369.6875492,1,0,0,0,0,0,0,0,0,0,0,1,1,0,1,0,0,0
Rural,Moneragala,18,21,10,1,369.6875492,1,0,0,0,1,0,1,0,0,1,0,1,1,0,1,1,1,0
Rural,Moneragala,18,22,1,1,344.6016083,2,0,0,0,0,0,1,0,0,0,0,1,1,0,0,0,0,0
Rural,Moneragala,18,22,2,1,344.6016083,2,0,0,0,0,0,0,0,0,0,0,0,0,0,0,0,0,0
Rural,Moneragala,18,22,3,1,344.6016083,2,0,0,0,0,0,0,0,0,0,0,0,0,0,0,0,0,0
Rural,Moneragala,18,22,4,1,344.6016083,2,0,0,1,1,0,1,0,0,0,0,0,0,1,0,0,0,0
Rural,Moneragala,18,22,5,1,344.6016083,3,0,0,0,0,0,,0,0,0,0,1,0,0,1,0,0,0
Rural,Moneragala,18,22,6,1,344.6016083,1,0,0,0,0,0,1,0,0,0,0,0,0,0,0,0,0,0
Rural,Moneragala,18,22,7,1,344.6016083,2,0,0,0,0,0,1,0,0,0,0,1,0,0,0,0,0,0
Rural,Moneragala,18,22,8,1,344.6016083,4,0,0,0,0,0,0,0,0,0,0,0,0,0,0,0,0,0
Rural,Moneragala,18,22,9,1,344.6016083,1,0,0,0,0,0,0,0,0,0,0,1,0,1,0,0,0,0
Rural,Moneragala,18,22,10,1,344.6016083,1,0,0,0,0,0,0,0,0,0,0,0,0,0,0,0,0,0
Rural,Moneragala,18,25,1,1,351.3342666,3,0,0,0,0,0,1,0,0,0,0,0,0,0,0,0,0,0
Rural,Moneragala,18,25,2,1,351.3342666,2,1,0,0,0,0,1,0,0,0,0,1,1,0,0,0,0,0
Rural,Moneragala,18,25,3,1,351.3342666,1,0,0,0,0,0,0,0,0,0,0,0,0,0,0,0,0,0
Rural,Moneragala,18,25,4,1,351.3342666,1,0,0,0,0,0,0,0,0,0,0,0,0,0,1,0,0,0
Rural,Moneragala,18,25,5,1,351.3342666,1,0,0,0,0,0,0,0,0,0,0,0,0,0,0,0,0,0
Rural,Moneragala,18,25,6,1,351.3342666,2,0,0,0,0,0,1,0,0,0,0,0,0,0,0,0,0,0
Rural,Moneragala,18,25,8,1,351.3342666,1,0,0,0,0,0,1,0,0,0,0,0,0,0,0,0,0,0
Rural,Moneragala,18,25,9,1,351.3342666,1,0,0,0,0,0,0,0,0,0,0,0,0,0,0,0,0,0
Rural,Moneragala,18,25,10,1,351.3342666,1,0,0,0,0,0,0,0,0,0,0,0,0,0,0,0,0,0
Rural,Moneragala,21,26,1,1,298.2996087,1,0,0,0,0,0,1,0,1,0,0,0,0,1,1,0,0,0
Rural,Moneragala,21,26,2,1,298.2996087,1,0,0,0,0,0,1,0,1,0,0,0,0,1,1,0,0,0
Rural,Moneragala,21,26,3,1,298.2996087,1,0,0,0,0,0,0,0,1,0,0,0,0,0,0,0,0,0
Rural,Moneragala,21,26,4,1,298.2996087,1,0,0,0,0,0,1,0,1,0,0,0,0,1,1,0,0,0
Rural,Moneragala,21,26,5,1,298.2996087,2,0,0,0,0,0,0,0,1,0,0,0,0,0,0,0,0,0
Rural,Moneragala,21,26,6,1,298.2996087,2,0,0,0,0,0,0,0,1,0,0,0,0,0,0,0,0,0
Rural,Moneragala,21,26,7,1,298.2996087,2,0,0,0,0,0,0,0,0,0,0,0,0,0,0,0,0,0
Rural,Moneragala,21,26,8,1,298.2996087,1,0,0,0,0,0,0,0,1,0,0,0,0,0,0,0,0,0
Rural,Moneragala,21,26,9,1,298.2996087,2,0,0,0,0,0,0,0,0,0,0,0,0,0,0,0,0,0
Rural,Moneragala,21,26,10,1,298.2996087,2,0,0,0,0,0,1,0,1,0,0,0,0,0,0,0,0,0
Rural,Moneragala,21,27,1,1,307.8890335,2,0,0,0,0,0,0,0,1,0,0,0,0,0,0,0,0,0
Rural,Moneragala,21,27,2,1,307.8890335,2,0,0,0,0,0,1,0,1,0,0,0,0,1,0,0,0,0
Rural,Moneragala,21,27,3,1,307.8890335,2,0,1,0,0,0,1,0,1,0,0,1,1,0,0,0,0,0
Rural,Moneragala,21,27,4,1,307.8890335,2,0,0,0,0,0,1,0,1,0,0,0,0,0,0,0,0,0
Rural,Moneragala,21,27,5,1,307.8890335,2,0,0,0,0,0,0,0,1,0,0,0,0,0,0,0,0,0
Rural,Moneragala,21,27,6,1,307.8890335,1,0,0,0,0,0,1,0,1,0,0,1,1,1,1,0,0,0
Rural,Moneragala,21,27,7,1,307.8890335,1,0,0,0,0,0,1,0,1,0,0,1,1,0,1,1,1,0
Rural,Moneragala,21,27,8,1,307.8890335,1,0,0,0,0,0,1,0,1,0,0,0,0,0,1,0,0,0
Rural,Moneragala,21,27,9,1,307.8890335,2,0,0,0,0,0,0,0,1,0,0,0,1,0,1,0,0,1
Rural,Moneragala,21,27,10,1,307.8890335,1,0,0,0,0,0,0,0,0,0,0,0,1,0,0,0,0,1
Rural,Moneragala,21,29,1,1,304.0741299,2,0,0,0,0,0,0,0,0,0,0,0,0,0,0,0,0,0
Rural,Moneragala,21,29,2,1,304.0741299,4,0,0,0,0,0,0,0,1,0,0,1,1,0,0,0,0,0
Rural,Moneragala,21,29,3,1,304.0741299,3,0,0,0,0,0,0,0,1,0,0,0,0,0,0,0,0,0
Rural,Moneragala,21,29,4,1,304.0741299,2,0,0,0,0,0,0,0,1,0,0,1,0,1,0,0,0,0
Rural,Moneragala,21,29,5,1,304.0741299,1,0,0,0,0,0,1,0,1,0,0,1,0,1,1,0,0,0
Rural,Moneragala,21,29,6,1,304.0741299,2,0,0,0,0,0,0,0,1,0,0,1,0,1,1,0,1,0
Rural,Moneragala,21,29,7,1,304.0741299,2,0,0,0,0,0,1,0,1,0,0,0,0,0,0,0,0,0
Rural,Moneragala,21,29,8,1,304.0741299,1,0,0,0,0,0,0,0,1,0,0,1,0,0,1,0,0,0
Rural,Moneragala,21,29,9,1,304.0741299,1,0,0,0,0,0,0,0,1,0,0,1,1,0,0,0,0,0
Rural,Moneragala,21,29,10,1,304.0741299,1,0,0,0,0,0,1,0,1,0,1,1,1,0,0,0,0,0
Rural,Moneragala,21,30,1,1,282.3068557,4,0,0,0,0,0,0,0,1,0,0,0,1,0,0,0,0,0
Rural,Moneragala,21,30,2,1,282.3068557,1,0,0,0,0,0,0,0,0,0,0,0,0,0,0,0,0,0
Rural,Moneragala,21,30,3,1,282.3068557,1,0,0,0,0,0,0,0,1,0,0,0,0,0,1,0,0,0
Rural,Moneragala,21,30,4,1,282.3068557,1,0,0,0,0,0,1,0,1,0,0,1,1,0,1,0,0,0
Rural,Moneragala,21,30,5,1,282.3068557,1,0,0,0,0,0,1,0,1,0,0,1,1,0,0,0,0,0
Rural,Moneragala,21,30,6,1,282.3068557,1,0,0,0,0,0,1,0,1,0,0,0,0,0,1,0,0,0
Rural,Moneragala,21,30,7,1,282.3068557,2,0,0,0,0,0,0,0,1,0,0,0,0,0,0,0,0,0
Rural,Moneragala,21,30,8,1,282.3068557,1,0,0,0,0,0,1,0,1,0,0,0,0,1,1,0,0,0
Rural,Moneragala,21,30,9,1,282.3068557,1,0,0,0,0,0,0,0,1,0,0,0,0,0,1,0,0,0
Rural,Moneragala,21,30,10,1,282.3068557,1,0,0,0,0,0,1,0,1,0,0,0,1,0,1,0,0,0
Rural,Moneragala,21,33,1,1,313.1471005,2,0,0,0,0,0,1,0,1,0,0,0,0,0,0,0,0,0
Rural,Moneragala,21,33,2,1,313.1471005,1,0,0,0,0,0,1,0,1,0,0,0,0,0,0,0,0,0
Rural,Moneragala,21,33,3,1,313.1471005,1,0,0,0,0,0,1,0,1,0,0,0,0,0,0,0,0,0
Rural,Moneragala,21,33,4,1,313.1471005,1,0,0,0,0,0,1,0,1,0,0,0,0,0,1,0,0,0
Rural,Moneragala,21,33,5,1,313.1471005,1,0,0,0,0,0,1,0,1,0,0,0,0,0,1,0,0,0
Rural,Moneragala,21,33,6,1,313.1471005,1,0,0,0,0,0,1,0,1,0,0,0,0,1,1,0,0,0
Rural,Moneragala,21,33,7,1,313.1471005,2,0,0,0,0,0,1,0,1,0,0,0,0,0,0,0,0,0
Rural,Moneragala,21,33,8,1,313.1471005,1,0,0,0,0,0,1,0,1,0,0,0,0,1,1,0,0,0
Rural,Moneragala,21,33,9,1,313.1471005,2,0,0,0,0,0,0,0,1,0,0,0,0,0,1,0,0,0
Rural,Moneragala,21,33,10,1,313.1471005,1,0,0,0,0,0,0,0,1,0,0,0,0,0,0,0,0,1
Rural,Moneragala,24,36,1,1,328.8944403,2,0,0,0,0,0,0,0,0,0,0,1,0,0,0,0,0,0
Rural,Moneragala,24,36,2,1,328.8944403,2,1,1,0,0,0,1,0,1,0,1,1,1,1,0,1,1,0
Rural,Moneragala,24,36,3,1,328.8944403,2,0,0,0,0,0,0,0,0,0,0,1,0,0,0,0,0,0
Rural,Moneragala,24,36,4,1,328.8944403,4,0,0,0,0,0,0,0,0,0,0,0,0,0,0,0,0,0
Rural,Moneragala,24,36,5,1,328.8944403,2,0,0,0,0,0,1,0,0,0,0,1,0,0,0,0,0,0
Rural,Moneragala,24,36,6,1,328.8944403,2,0,1,0,0,0,0,0,0,0,1,1,1,1,0,0,1,0
Rural,Moneragala,24,36,7,1,328.8944403,2,0,0,0,0,0,0,0,0,0,0,0,0,0,1,0,0,0
Rural,Moneragala,24,36,8,1,328.8944403,1,0,0,0,0,0,1,0,0,0,0,1,1,0,0,0,1,0
Rural,Moneragala,24,36,9,1,328.8944403,2,0,1,0,0,0,1,0,1,0,0,1,0,0,1,0,0,0
Rural,Moneragala,24,36,10,1,328.8944403,2,1,0,0,0,0,1,0,1,0,0,0,0,0,0,1,1,0
Rural,Moneragala,24,37,1,1,328.5598093,2,0,0,0,0,0,0,0,0,0,0,0,0,0,0,0,0,0
Rural,Moneragala,24,37,2,1,328.5598093,2,0,0,0,0,0,0,0,0,0,0,0,1,0,0,0,0,0
Rural,Moneragala,24,37,3,1,328.5598093,2,0,0,0,0,0,0,0,0,0,0,0,0,0,0,0,0,0
Rural,Moneragala,24,37,5,1,328.5598093,2,1,1,0,0,0,1,0,1,0,0,1,1,0,1,0,1,0
Rural,Moneragala,24,37,6,1,328.5598093,2,0,0,0,0,0,0,0,0,0,0,0,0,0,0,0,0,0
Rural,Moneragala,24,37,7,1,328.5598093,2,1,0,0,0,0,1,0,1,0,0,1,0,0,1,1,0,0
Rural,Moneragala,24,37,8,1,328.5598093,1,0,0,0,1,0,0,0,0,0,0,0,0,0,1,0,0,0
Rural,Moneragala,24,37,9,1,328.5598093,2,0,0,0,0,0,1,0,0,0,0,0,1,0,0,0,0,0
Rural,Moneragala,24,37,10,1,328.5598093,2,0,0,0,0,0,0,0,0,0,0,0,0,0,0,0,0,0
Rural,Moneragala,24,38,1,1,315.0523096,2,0,0,0,0,0,0,0,0,0,0,0,0,0,0,0,0,0
Rural,Moneragala,24,38,2,1,315.0523096,1,0,0,0,0,0,1,0,0,0,0,0,0,0,0,0,0,0
Rural,Moneragala,24,38,3,1,315.0523096,2,0,0,0,0,0,1,0,0,0,0,1,1,0,1,0,1,0
Rural,Moneragala,24,38,4,1,315.0523096,2,0,0,0,0,0,0,0,0,0,0,0,0,0,0,0,0,0
Rural,Moneragala,24,38,5,1,315.0523096,2,0,0,0,0,0,0,0,0,0,0,1,0,0,0,0,0,0
Rural,Moneragala,24,38,6,1,315.0523096,1,0,1,0,0,0,1,0,0,0,0,1,1,0,0,0,1,
Rural,Moneragala,24,38,7,1,315.0523096,1,0,0,0,0,0,0,0,0,0,0,0,0,0,,0,0,0
Rural,Moneragala,24,38,8,1,315.0523096,3,0,0,0,0,1,0,0,0,0,0,1,,0,0,1,,0
Rural,Moneragala,24,38,9,1,315.0523096,3,0,0,0,0,0,0,0,0,0,0,0,0,0,0,0,0,0
Rural,Moneragala,24,38,10,1,315.0523096,4,0,0,0,1,0,0,0,0,0,0,0,0,0,0,0,0,0
Rural,Moneragala,24,39,1,1,321.2457324,1,0,0,0,0,0,1,0,1,0,0,0,0,0,1,0,0,0
Rural,Moneragala,24,39,2,1,321.2457324,2,0,1,1,0,1,0,0,0,0,1,0,1,1,1,1,1,0
Rural,Moneragala,24,39,3,1,321.2457324,3,0,0,0,0,0,0,0,0,0,0,0,0,0,0,0,0,0
Rural,Moneragala,24,39,5,1,321.2457324,2,1,1,1,0,1,1,0,1,0,1,1,1,1,1,0,1,0
Rural,Moneragala,24,39,6,1,321.2457324,2,0,1,0,0,0,1,0,1,0,0,1,1,1,1,1,1,0
Rural,Moneragala,24,39,7,1,321.2457324,2,0,0,0,0,0,1,0,0,0,0,0,0,0,1,1,0,0
Rural,Moneragala,24,39,8,1,321.2457324,3,0,0,0,1,0,0,0,0,0,0,0,0,0,0,0,0,1
Rural,Moneragala,24,39,9,1,321.2457324,1,1,1,1,0,0,1,0,1,0,0,1,1,1,1,1,1,0
Rural,Moneragala,24,39,10,1,321.2457324,3,0,0,0,0,0,0,0,0,0,0,0,0,0,0,0,0,0
Rural,Moneragala,24,40,1,1,332.7187943,2,0,0,0,0,0,0,0,0,0,0,0,0,0,0,0,0,0
Rural,Moneragala,24,40,2,1,332.7187943,1,0,0,0,0,0,0,0,0,0,0,0,0,0,0,0,0,0
Rural,Moneragala,24,40,3,1,332.7187943,1,0,0,0,0,0,0,0,0,0,0,0,0,0,0,0,0,0
Rural,Moneragala,24,40,4,1,332.7187943,2,0,0,0,0,0,1,0,0,0,0,0,0,0,0,0,1,0
Rural,Moneragala,24,40,5,1,332.7187943,1,0,0,0,0,0,0,0,1,0,0,0,0,0,0,0,0,0
Rural,Moneragala,24,40,6,1,332.7187943,2,0,0,0,0,0,0,0,0,0,0,0,0,0,0,0,0,0
Rural,Moneragala,24,40,7,1,332.7187943,3,0,0,0,0,0,0,0,0,0,0,0,0,0,0,,,
Rural,Moneragala,24,40,8,1,332.7187943,2,0,0,0,0,0,0,0,1,0,0,0,0,0,1,0,0,0
Rural,Moneragala,24,40,9,1,332.7187943,3,0,0,0,0,0,0,0,0,0,0,0,0,0,0,0,0,0
Rural,Moneragala,24,40,10,1,332.7187943,2,0,0,0,0,0,0,0,1,0,0,0,1,0,0,0,0,0
Rural,Moneragala,27,42,1,1,225.3056402,3,0,0,0,0,0,0,0,0,0,0,1,0,0,0,0,0,0
Rural,Moneragala,27,42,2,1,225.3056402,2,0,0,0,0,0,0,0,0,0,0,0,0,0,0,0,0,0
Rural,Moneragala,27,42,3,1,225.3056402,2,0,0,0,0,0,0,0,0,0,0,0,0,0,0,0,0,0
Rural,Moneragala,27,42,4,1,225.3056402,2,0,0,0,0,0,0,0,0,0,0,0,0,0,1,0,0,0
Rural,Moneragala,27,42,5,1,225.3056402,1,0,0,0,0,0,1,0,0,0,0,0,0,0,0,0,0,0
Rural,Moneragala,27,42,6,1,225.3056402,2,0,0,0,0,0,1,0,0,0,0,0,0,0,0,0,0,1
Rural,Moneragala,27,42,7,1,225.3056402,2,0,0,0,0,0,0,0,0,0,0,0,0,0,0,0,0,0
Rural,Moneragala,27,42,8,1,225.3056402,1,0,0,0,0,0,0,0,0,0,0,0,0,0,0,0,0,1
Rural,Moneragala,27,42,9,1,225.3056402,1,0,0,0,0,0,1,0,0,0,0,0,0,0,0,0,0,0
Rural,Moneragala,27,42,10,1,225.3056402,1,0,0,0,0,0,0,0,0,0,0,1,1,0,0,1,0,1
Rural,Moneragala,27,43,1,1,303.6462783,3,0,0,0,0,0,0,0,0,0,0,0,1,0,0,0,0,
Rural,Moneragala,27,43,2,1,303.6462783,1,0,0,0,0,0,1,0,1,0,0,0,0,0,0,0,0,0
Rural,Moneragala,27,43,3,1,303.6462783,1,0,0,0,0,0,1,0,0,0,0,1,1,0,0,0,0,0
Rural,Moneragala,27,43,4,1,303.6462783,1,0,0,0,0,0,0,0,0,0,0,1,1,0,0,0,0,0
Rural,Moneragala,27,43,5,1,303.6462783,2,0,0,0,0,0,1,0,1,0,0,1,1,0,0,0,0,0
Rural,Moneragala,27,43,6,1,303.6462783,1,0,0,0,0,0,1,0,1,0,0,1,1,0,0,0,0,0
Rural,Moneragala,27,43,7,1,303.6462783,1,0,0,0,0,0,1,0,0,0,0,0,0,0,0,0,0,0
Rural,Moneragala,27,43,8,1,303.6462783,2,0,0,0,0,0,0,0,1,0,0,0,0,0,0,0,0,0
Rural,Moneragala,27,43,9,1,303.6462783,2,0,0,0,0,0,1,0,0,0,1,1,1,0,0,0,0,0
Rural,Moneragala,27,43,10,1,303.6462783,2,0,0,0,0,0,0,0,0,0,0,0,0,0,0,0,0,0
Rural,Moneragala,3,136,1,1,357.8890104,1,0,0,0,0,0,1,0,0,0,0,1,1,1,1,1,1,0
Rural,Moneragala,3,136,2,1,357.8890104,1,0,0,0,0,0,0,0,0,0,0,1,1,0,0,1,0,0
Rural,Moneragala,3,136,3,2,357.8890104,1,0,0,0,0,0,1,0,0,0,0,1,1,0,0,1,1,0
Rural,Moneragala,3,136,4,1,357.8890104,1,0,1,0,0,0,0,0,0,0,0,1,1,0,0,1,1,0
Rural,Moneragala,3,136,5,1,357.8890104,2,0,0,0,0,0,1,0,0,0,0,0,0,0,0,1,1,0
Rural,Moneragala,3,136,6,1,357.8890104,1,1,1,0,0,0,1,0,1,0,0,1,1,0,0,1,1,0
Rural,Moneragala,3,136,8,1,357.8890104,2,0,0,0,0,0,1,0,0,0,0,1,1,1,1,1,1,0
Rural,Moneragala,3,136,9,1,357.8890104,1,1,1,0,0,0,1,0,1,0,0,1,1,0,0,0,1,0
Rural,Moneragala,3,136,10,1,357.8890104,1,0,0,0,0,0,1,0,0,0,0,1,1,0,1,1,1,0
Rural,Moneragala,3,137,1,1,340.8057094,1,0,0,0,0,0,0,0,0,0,0,0,0,0,1,0,0,0
Rural,Moneragala,3,137,2,1,340.8057094,2,0,0,0,1,0,1,0,0,0,0,1,1,0,1,1,1,0
Rural,Moneragala,3,137,3,1,340.8057094,1,0,0,0,0,0,1,0,0,0,0,1,1,0,1,1,1,0
Rural,Moneragala,3,137,4,1,340.8057094,2,0,0,0,0,0,1,0,1,0,0,1,1,0,0,1,1,0
Rural,Moneragala,3,137,5,1,340.8057094,2,0,0,0,0,0,0,0,0,0,0,0,0,0,0,0,0,0
Rural,Moneragala,3,137,7,1,340.8057094,2,0,0,0,0,0,1,0,0,0,0,0,1,0,0,1,0,0
Rural,Moneragala,3,137,8,1,340.8057094,2,0,0,0,0,0,1,0,1,0,0,1,1,0,0,1,1,0
Rural,Moneragala,3,137,9,1,340.8057094,1,0,1,0,0,0,1,0,1,0,0,1,1,0,0,1,1,0
Rural,Moneragala,3,137,10,1,340.8057094,2,0,0,0,0,0,1,0,0,0,0,,,0,0,0,0,0
Rural,Moneragala,3,138,1,1,357.3646309,2,0,0,0,0,0,0,0,0,0,0,0,0,0,0,0,0,0
Rural,Moneragala,3,138,2,1,357.3646309,2,0,0,0,0,0,0,0,0,0,0,1,1,1,1,1,1,0
Rural,Moneragala,3,138,3,1,357.3646309,2,0,1,0,0,0,1,0,0,0,0,1,1,0,0,0,1,0
Rural,Moneragala,3,138,4,1,357.3646309,1,0,0,0,0,0,0,0,0,0,0,0,1,0,1,0,0,0
Rural,Moneragala,3,138,5,1,357.3646309,2,0,0,0,0,0,0,0,0,0,0,1,1,0,0,0,0,0
Rural,Moneragala,3,138,6,1,357.3646309,2,0,0,0,0,0,0,0,0,0,0,1,0,0,0,0,0,0
Rural,Moneragala,3,138,7,1,357.3646309,5,0,0,0,0,0,1,0,0,0,0,1,1,0,0,0,0,0
Rural,Moneragala,3,138,8,1,357.3646309,1,0,0,0,0,0,1,0,0,0,0,0,0,0,0,0,0,0
Rural,Moneragala,3,138,9,1,357.3646309,2,0,0,0,0,0,0,0,0,0,0,0,1,0,0,0,0,0
Rural,Moneragala,3,138,10,1,357.3646309,2,0,0,0,0,0,0,0,0,0,0,0,0,0,0,0,0,0
Rural,Moneragala,3,139,1,1,275.3534849,3,0,0,0,0,0,1,0,0,0,0,1,1,0,0,1,1,1
Rural,Moneragala,3,139,2,1,275.3534849,2,0,0,0,0,0,1,0,1,0,0,1,1,0,0,0,0,0
Rural,Moneragala,3,139,3,1,275.3534849,4,0,0,0,0,0,0,0,0,0,0,0,0,0,0,0,0,0
Rural,Moneragala,3,139,4,1,275.3534849,5,0,0,0,0,0,0,0,0,0,0,0,0,0,0,0,0,0
Rural,Moneragala,3,139,5,1,275.3534849,1,0,1,1,0,0,1,0,1,0,1,1,1,1,1,1,1,0
Rural,Moneragala,3,139,6,1,275.3534849,2,0,0,0,0,0,0,0,0,0,0,1,1,1,0,0,0,0
Rural,Moneragala,3,139,7,1,275.3534849,2,0,0,0,0,0,0,0,0,0,0,1,1,0,0,0,0,0
Rural,Moneragala,3,139,8,1,275.3534849,2,0,0,0,0,0,1,0,1,0,0,1,1,1,0,0,0,0
Rural,Moneragala,3,139,9,1,275.3534849,2,0,0,0,0,0,1,0,0,0,0,1,1,0,0,1,1,0
Rural,Moneragala,3,139,10,1,275.3534849,1,0,0,0,0,0,0,0,0,0,0,0,0,0,0,0,0,0
Rural,Moneragala,30,140,1,1,262.4260913,2,0,0,0,0,0,1,0,1,0,0,1,1,0,0,0,1,0
Rural,Moneragala,30,140,2,1,262.4260913,2,0,0,0,0,0,1,0,1,0,0,1,1,1,0,0,0,0
Rural,Moneragala,30,140,3,1,262.4260913,2,0,0,0,0,0,1,0,1,0,0,0,0,0,0,0,0,0
Rural,Moneragala,30,140,5,1,262.4260913,1,1,1,0,0,0,1,0,1,0,0,1,1,1,1,0,0,0
Rural,Moneragala,30,140,6,1,262.4260913,1,0,0,0,0,0,0,0,0,0,0,0,0,0,0,0,0,0
Rural,Moneragala,30,140,7,1,262.4260913,2,0,0,0,0,0,1,0,1,0,0,1,1,0,0,0,1,0
Rural,Moneragala,30,140,8,1,262.4260913,2,0,0,0,0,0,0,0,1,0,0,0,1,0,0,0,1,0
Rural,Moneragala,30,140,9,1,262.4260913,2,0,1,0,0,0,1,0,1,0,0,1,1,0,0,0,0,0
Rural,Moneragala,30,140,10,1,262.4260913,1,0,1,0,0,0,1,0,1,0,0,1,1,1,0,0,0,0
Rural,Moneragala,30,141,1,1,301.5264073,2,0,0,0,0,0,0,0,1,0,0,1,0,0,0,0,1,0
Rural,Moneragala,30,141,2,1,301.5264073,2,0,0,0,1,0,0,0,1,0,0,1,0,0,1,0,0,0
Rural,Moneragala,30,141,3,1,301.5264073,2,0,0,0,0,0,0,0,1,0,0,1,1,0,1,0,1,0
Rural,Moneragala,30,141,4,1,301.5264073,1,0,0,0,0,0,0,0,1,0,0,0,0,0,0,0,0,1
Rural,Moneragala,30,141,5,1,301.5264073,5,0,0,0,1,0,1,0,1,0,0,1,1,0,0,0,0,0
Rural,Moneragala,30,141,7,1,301.5264073,1,0,0,0,0,0,1,0,1,0,0,0,0,0,0,0,0,0
Rural,Moneragala,30,141,8,1,301.5264073,2,0,0,0,1,0,0,0,1,0,0,1,1,0,0,0,0,0
Rural,Moneragala,30,141,9,1,301.5264073,2,0,0,0,1,0,1,0,1,0,0,1,1,0,0,0,0,0
Rural,Moneragala,30,141,10,1,301.5264073,2,0,0,0,0,0,1,0,1,0,0,1,1,0,0,0,0,0
Rural,Moneragala,33,142,1,1,326.1084871,1,0,0,1,0,0,1,0,1,1,0,1,1,1,0,0,0,0
Rural,Moneragala,33,142,2,1,326.1084871,1,0,0,0,0,0,1,0,1,0,0,0,0,1,0,0,1,0
Rural,Moneragala,33,142,3,1,326.1084871,2,0,0,0,0,0,0,0,0,0,0,0,0,0,1,0,1,0
Rural,Moneragala,33,142,4,1,326.1084871,2,0,0,0,0,0,0,0,0,0,0,1,1,1,0,0,1,0
Rural,Moneragala,33,142,5,1,326.1084871,2,0,0,0,0,0,0,0,0,0,0,0,0,0,0,0,1,
Rural,Moneragala,33,142,6,1,326.1084871,2,0,1,0,0,0,1,0,1,0,0,0,0,0,0,0,0,0
Rural,Moneragala,33,142,7,1,326.1084871,2,0,0,0,0,0,0,0,0,0,0,0,0,0,0,0,0,0
Rural,Moneragala,33,142,8,1,326.1084871,1,0,0,0,0,0,0,0,0,0,0,0,0,0,0,0,0,0
Rural,Moneragala,33,142,9,1,326.1084871,2,0,0,0,0,0,1,0,1,0,0,0,0,0,0,0,1,0
Rural,Moneragala,33,142,10,1,326.1084871,2,0,0,0,0,0,1,0,0,0,0,0,0,0,0,0,1,0
Rural,Moneragala,33,143,1,1,327.6776004,2,0,0,0,0,0,1,0,1,0,0,1,1,0,0,0,1,0
Rural,Moneragala,33,143,2,1,327.6776004,2,0,0,0,0,0,1,0,0,0,0,0,0,0,0,0,1,0
Rural,Moneragala,33,143,3,1,327.6776004,2,0,0,0,0,0,0,0,0,0,0,1,1,0,0,0,1,0
Rural,Moneragala,33,143,4,1,327.6776004,1,0,0,0,0,0,1,0,1,0,0,0,1,0,0,0,0,0
Rural,Moneragala,33,143,5,1,327.6776004,1,0,0,0,0,0,1,0,1,0,0,1,1,0,0,0,0,0
Rural,Moneragala,33,143,6,1,327.6776004,2,0,0,0,0,0,0,0,0,0,0,0,0,0,0,0,0,0
Rural,Moneragala,33,143,7,1,327.6776004,1,0,0,0,0,0,0,0,0,0,0,0,0,0,0,0,1,0
Rural,Moneragala,33,143,8,1,327.6776004,2,0,0,0,0,0,0,0,0,0,0,0,0,0,0,0,0,0
Rural,Moneragala,33,143,9,1,327.6776004,2,0,0,0,0,0,1,0,1,0,0,1,0,0,0,1,0,0
Rural,Moneragala,33,143,10,1,327.6776004,2,0,0,0,0,0,1,0,1,1,0,1,1,0,1,0,1,0
Rural,Moneragala,33,144,1,1,300.3711337,1,0,0,0,0,0,1,0,0,0,0,1,1,0,0,1,1,0
Rural,Moneragala,33,144,2,1,300.3711337,1,0,0,0,0,0,0,0,0,0,0,1,1,1,0,0,0,0
Rural,Moneragala,33,144,3,1,300.3711337,1,0,0,0,0,0,0,0,0,0,0,1,1,0,0,0,0,0
Rural,Moneragala,33,144,6,1,300.3711337,2,0,0,0,0,0,0,0,0,0,0,0,0,0,0,0,0,1
Rural,Moneragala,33,144,7,1,300.3711337,1,0,0,0,0,0,0,0,0,0,0,1,1,0,0,1,1,0
Rural,Moneragala,33,144,8,1,300.3711337,1,0,0,0,0,0,0,0,0,0,0,1,0,0,1,0,1,0
Rural,Moneragala,33,144,9,1,300.3711337,2,0,0,0,0,1,1,0,0,0,0,1,1,0,0,0,0,0
Rural,Moneragala,33,144,10,1,300.3711337,2,0,0,0,0,0,0,0,0,0,0,1,1,0,0,0,1,0
Rural,Moneragala,33,145,1,1,300.1702166,2,0,0,0,0,0,0,0,0,0,0,0,0,0,0,0,0,0
Rural,Moneragala,33,145,2,1,300.1702166,3,0,0,0,0,0,0,0,0,0,0,0,1,0,0,0,0,0
Rural,Moneragala,33,145,3,1,300.1702166,2,0,0,0,0,0,0,0,0,0,0,0,0,0,0,0,0,1
Rural,Moneragala,33,145,4,1,300.1702166,2,0,1,0,0,0,1,0,0,0,0,1,1,0,0,0,0,0
Rural,Moneragala,33,145,5,1,300.1702166,2,0,0,0,0,0,0,0,0,0,0,0,1,0,0,0,0,1
Rural,Moneragala,33,145,6,1,300.1702166,1,0,0,0,1,0,0,0,0,0,0,0,1,0,0,0,0,0
Rural,Moneragala,33,145,7,1,300.1702166,1,0,0,0,0,0,1,0,1,0,0,1,1,0,0,0,0,0
Rural,Moneragala,33,145,8,1,300.1702166,2,0,0,0,0,0,0,0,0,0,0,0,0,0,0,0,0,0
Rural,Moneragala,33,145,9,1,300.1702166,1,0,0,0,0,0,1,0,0,0,0,0,0,0,0,0,0,0
Rural,Moneragala,33,145,10,1,300.1702166,4,0,0,0,0,0,0,0,0,0,0,0,0,0,0,0,0,0
Estate,Badulla,18,25,1,1,258.8679134,1,0,0,0,1,0,1,1,0,0,0,1,1,0,0,,,
Estate,Badulla,18,25,2,1,258.8679134,1,0,0,0,1,0,1,1,0,0,0,0,0,0,1,0,1,0
Estate,Badulla,18,25,3,1,258.8679134,1,0,0,0,1,0,1,1,1,0,0,0,0,0,0,0,0,0
Estate,Badulla,18,25,4,1,258.8679134,1,0,0,0,1,0,1,0,0,0,0,0,0,0,0,0,0,0
Estate,Badulla,18,25,5,1,258.8679134,2,0,0,0,1,0,1,1,1,0,0,0,0,0,1,0,0,0
Estate,Badulla,18,25,6,1,258.8679134,1,0,0,0,1,0,1,1,0,0,0,0,0,0,1,0,0,0
Estate,Badulla,18,25,7,1,258.8679134,3,0,1,0,1,0,1,1,1,0,0,1,1,0,1,0,0,0
Estate,Badulla,18,25,8,1,258.8679134,1,0,0,0,1,0,0,0,0,0,0,0,0,0,1,0,1,0
Estate,Badulla,18,25,9,1,258.8679134,2,0,0,0,1,0,1,1,0,0,0,1,1,0,1,0,0,0
Estate,Badulla,18,25,10,1,258.8679134,1,0,0,1,1,0,1,1,0,0,0,0,1,1,1,0,0,1
Estate,Badulla,18,27,1,1,247.9574707,4,0,1,0,1,0,1,1,0,0,0,1,1,0,1,0,0,0
Estate,Badulla,18,27,2,1,247.9574707,1,0,0,0,1,0,1,1,0,0,0,0,1,1,0,0,0,0
Estate,Badulla,18,27,3,1,247.9574707,1,0,0,0,1,0,1,1,0,0,0,0,1,0,0,0,0,0
Estate,Badulla,18,27,4,1,247.9574707,1,0,0,0,1,0,1,0,0,0,0,0,0,0,0,0,0,0
Estate,Badulla,18,27,5,1,247.9574707,2,0,0,0,1,0,0,0,0,0,0,0,0,0,0,0,0,0
Estate,Badulla,18,27,6,1,247.9574707,3,0,0,0,1,0,1,1,0,0,0,0,1,0,0,0,0,0
Estate,Badulla,18,27,7,1,247.9574707,1,0,1,0,1,0,1,1,0,0,0,1,1,0,0,0,0,0
Estate,Badulla,18,27,8,1,247.9574707,2,0,1,0,1,0,1,1,0,0,0,1,1,0,0,0,0,0
Estate,Badulla,18,27,9,1,247.9574707,1,0,0,0,1,0,1,1,0,0,1,0,1,0,0,0,0,0
Estate,Badulla,18,27,10,1,247.9574707,1,0,0,0,1,0,0,0,0,0,0,0,0,0,0,0,0,0
Estate,Badulla,19,32,1,1,290.5509882,2,0,1,0,0,0,0,0,0,0,0,1,1,0,0,0,0,0
Estate,Badulla,19,32,2,1,290.5509882,1,0,0,0,0,0,1,1,1,0,0,1,1,1,1,1,1,0
Estate,Badulla,19,32,3,1,290.5509882,2,0,0,0,0,0,1,0,0,0,0,1,1,0,1,1,1,0
Estate,Badulla,19,32,4,1,290.5509882,2,0,0,0,0,0,1,0,0,0,0,1,1,0,1,0,0,1
Estate,Badulla,19,32,5,1,290.5509882,1,0,0,0,0,0,1,0,0,0,0,0,1,0,0,0,0,0
Estate,Badulla,19,32,8,1,290.5509882,2,0,0,0,0,0,1,1,0,0,0,1,1,0,0,0,0,0
Estate,Badulla,19,32,9,1,290.5509882,2,0,0,0,0,0,1,0,0,0,0,0,0,0,0,0,0,1
Estate,Badulla,19,32,10,1,290.5509882,1,0,0,0,0,0,1,1,0,0,0,1,1,1,1,1,0,0
Estate,Badulla,21,38,1,1,296.9367242,1,0,0,0,1,0,1,1,1,0,0,1,1,0,0,0,0,1
Estate,Badulla,21,38,2,1,296.9367242,4,0,0,0,0,0,1,1,1,0,0,1,1,0,0,0,0,0
Estate,Badulla,21,38,3,1,296.9367242,1,0,0,0,1,0,1,1,1,0,0,1,1,0,0,1,1,0
Estate,Badulla,21,38,4,1,296.9367242,2,0,1,0,1,0,1,1,1,0,0,1,1,1,0,0,1,1
Estate,Badulla,21,38,7,1,296.9367242,1,0,0,0,1,0,1,1,1,0,0,1,1,0,0,0,0,0
Estate,Badulla,21,38,8,1,296.9367242,1,0,1,0,1,0,1,1,1,0,0,1,1,0,1,1,1,0
Estate,Badulla,21,38,10,1,296.9367242,2,0,0,0,1,0,1,0,1,0,0,0,1,1,0,0,0,0
Estate,Badulla,27,40,1,1,296.9367242,4,0,0,0,1,0,1,0,0,0,0,1,1,0,0,1,0,0
Estate,Badulla,27,40,2,1,296.9367242,1,0,0,0,1,0,1,0,1,0,0,1,1,0,0,1,0,0
Estate,Badulla,27,40,3,1,296.9367242,1,0,0,0,0,0,1,1,1,0,0,0,0,0,0,0,0,0
Estate,Badulla,27,40,4,1,296.9367242,1,0,0,0,1,0,1,1,1,0,0,1,1,0,1,0,0,0
Estate,Badulla,27,40,5,1,296.9367242,2,0,0,0,1,0,1,1,1,0,0,1,1,0,1,0,0,0
Estate,Badulla,27,40,6,1,296.9367242,1,0,0,0,1,0,1,1,1,0,0,1,1,0,1,0,0,0
Estate,Badulla,27,40,7,1,296.9367242,1,0,0,0,0,0,1,1,1,0,0,1,1,0,1,1,0,0
Estate,Badulla,27,40,8,1,296.9367242,2,0,0,0,1,0,1,1,1,0,0,1,1,0,0,0,0,0
Estate,Badulla,27,40,9,1,296.9367242,5,0,0,0,1,0,1,1,0,0,0,1,1,0,0,1,0,0
Estate,Badulla,27,40,10,1,296.9367242,3,0,0,0,1,0,1,0,1,0,0,1,1,1,0,1,0,0
Estate,Badulla,27,48,1,1,283.8365746,1,1,0,0,1,0,1,0,1,1,0,1,1,1,1,0,0,0
Estate,Badulla,27,48,2,1,283.8365746,2,0,0,0,0,0,1,1,1,0,0,1,1,0,0,0,0,0
Estate,Badulla,27,48,3,1,283.8365746,2,0,0,0,1,0,1,1,0,0,0,1,1,0,0,1,0,0
Estate,Badulla,27,48,4,1,283.8365746,3,0,0,0,0,0,1,1,1,0,0,1,1,0,0,0,0,0
Estate,Badulla,27,48,5,1,283.8365746,2,0,0,0,0,0,1,1,1,0,0,1,1,1,1,1,0,0
Estate,Badulla,27,48,5,2,283.8365746,2,0,0,0,1,0,1,1,1,0,0,1,1,1,1,1,0,0
Estate,Badulla,27,48,7,1,283.8365746,3,0,0,0,0,0,1,1,1,0,0,1,1,0,0,0,0,0
Estate,Badulla,27,48,8,1,283.8365746,2,0,0,0,1,0,1,1,1,1,0,1,1,0,0,1,0,0
Estate,Badulla,27,48,9,1,283.8365746,1,1,0,0,1,0,1,1,1,1,0,1,1,0,0,1,0,0
Estate,Badulla,27,48,10,1,283.8365746,2,0,0,0,0,0,1,0,0,1,0,0,0,0,0,0,0,0
Estate,Badulla,30,51,1,1,279.9689114,2,0,0,0,0,0,0,0,0,0,0,0,0,0,0,1,0,0
Estate,Badulla,30,51,2,1,279.9689114,1,0,0,0,0,0,0,0,0,0,0,0,0,0,0,0,1,0
Estate,Badulla,30,51,3,1,279.9689114,1,0,1,0,1,1,1,0,1,0,0,1,1,1,1,1,1,0
Estate,Badulla,30,51,4,1,279.9689114,1,0,1,0,1,0,1,0,1,0,0,1,1,0,1,0,1,0
Estate,Badulla,30,51,5,1,279.9689114,1,0,0,0,1,0,1,0,0,0,0,0,0,1,1,1,1,0
Estate,Badulla,30,51,6,1,279.9689114,1,0,0,0,0,0,1,0,0,0,0,0,0,0,0,1,1,0
Estate,Badulla,30,51,7,1,279.9689114,1,0,1,1,0,0,1,0,1,0,0,1,1,1,1,1,1,0
Estate,Badulla,30,51,8,1,279.9689114,1,0,0,0,0,0,1,0,1,0,0,0,1,0,0,0,1,0
Estate,Badulla,30,51,9,1,279.9689114,1,0,0,0,0,0,1,0,1,0,0,1,1,1,1,1,1,0
Estate,Badulla,30,51,10,1,279.9689114,2,0,0,0,0,0,1,0,0,0,0,0,1,0,0,0,1,0
Estate,Badulla,33,65,1,1,307.1759216,5,0,0,0,0,1,0,0,0,0,0,0,0,0,0,0,0,0
Estate,Badulla,33,65,2,1,307.1759216,2,0,0,0,0,0,0,0,0,0,0,0,0,0,0,0,0,0
Estate,Badulla,33,65,3,1,307.1759216,2,0,0,0,0,0,1,0,0,0,0,1,0,0,0,0,0,0
Estate,Badulla,33,65,4,1,307.1759216,2,1,1,0,0,0,1,0,1,0,1,1,1,1,1,0,1,0
Estate,Badulla,33,65,5,1,307.1759216,1,0,0,0,0,0,1,0,1,0,0,1,1,0,0,0,1,0
Estate,Badulla,33,65,6,1,307.1759216,1,0,1,0,1,0,1,1,1,0,0,0,0,0,0,0,0,0
Estate,Badulla,33,65,7,1,307.1759216,1,0,1,0,1,0,1,1,1,0,0,1,1,0,0,0,1,0
Estate,Badulla,33,65,8,1,307.1759216,2,0,0,0,0,0,1,0,1,0,1,0,0,0,0,0,0,0
Estate,Badulla,33,65,9,1,307.1759216,6,0,0,0,0,0,1,0,0,0,0,0,0,0,0,0,1,0
Estate,Badulla,33,65,10,1,307.1759216,2,1,1,0,0,0,1,0,1,0,0,1,1,1,0,0,1,0
Estate,Badulla,33,68,1,1,328.1932215,2,0,0,0,0,0,0,0,0,0,0,0,0,0,0,0,0,1
Estate,Badulla,33,68,2,1,328.1932215,1,0,0,0,1,0,1,0,0,0,0,0,0,0,0,0,0,1
Estate,Badulla,33,68,3,1,328.1932215,1,0,0,0,1,0,1,0,0,0,0,1,1,0,0,0,0,0
Estate,Badulla,33,68,4,1,328.1932215,1,0,0,0,1,0,1,1,1,0,0,1,1,0,0,0,0,0
Estate,Badulla,33,68,5,1,328.1932215,2,0,0,0,1,0,1,1,1,0,0,1,1,0,0,0,1,0
Estate,Badulla,33,68,6,1,328.1932215,1,0,0,0,1,0,1,1,1,0,0,1,1,0,0,0,1,0
Estate,Badulla,33,68,7,1,328.1932215,1,0,0,0,1,0,1,1,1,0,0,1,1,0,0,0,1,0
Estate,Badulla,33,68,8,1,328.1932215,3,0,0,0,1,0,1,0,0,0,0,1,1,0,0,0,1,0
Estate,Badulla,33,68,9,1,328.1932215,3,0,0,0,1,0,1,1,0,0,0,1,0,0,0,0,0,1
Estate,Badulla,33,68,10,1,328.1932215,3,0,0,0,1,0,1,0,0,0,0,1,1,0,0,0,0,1
Estate,Badulla,36,74,1,1,284.0264319,1,0,0,0,1,0,1,1,1,0,0,1,1,0,0,0,0,0
Estate,Badulla,36,74,2,1,284.0264319,3,0,0,0,1,0,1,1,1,0,0,0,1,0,0,0,0,0
Estate,Badulla,36,74,3,1,284.0264319,1,0,0,0,1,0,1,1,1,0,0,0,0,0,0,0,0,0
Estate,Badulla,36,74,4,1,284.0264319,3,0,0,0,1,0,0,0,1,0,0,0,0,0,0,0,0,0
Estate,Badulla,36,74,5,1,284.0264319,1,0,0,1,1,0,1,1,1,0,0,0,0,1,1,0,0,0
Estate,Badulla,36,74,5,2,284.0264319,1,0,0,0,1,0,1,1,1,0,0,0,1,1,1,0,0,0
Estate,Badulla,36,74,6,1,284.0264319,2,0,0,0,1,0,1,1,1,0,0,0,1,0,0,0,0,0
Estate,Badulla,36,74,7,1,284.0264319,1,0,0,0,1,0,1,1,1,0,0,0,0,0,1,0,0,0
Estate,Badulla,36,74,8,1,284.0264319,3,0,0,0,1,0,1,1,1,0,0,1,1,0,0,0,0,0
Estate,Badulla,36,74,9,1,284.0264319,2,0,0,0,1,0,1,1,1,0,0,1,1,1,0,0,0,1
Estate,Badulla,36,74,10,1,284.0264319,1,0,0,0,1,0,1,1,1,0,0,0,0,0,1,0,0,0
Estate,Badulla,42,76,1,1,272.5309661,1,0,0,0,1,0,1,0,0,0,0,0,0,0,0,0,0,0
Estate,Badulla,42,76,2,1,272.5309661,2,0,0,0,1,0,1,1,0,0,0,0,0,0,0,0,0,0
Estate,Badulla,42,76,3,1,272.5309661,1,0,0,0,1,0,1,0,0,0,1,0,0,0,0,0,0,0
Estate,Badulla,42,76,4,1,272.5309661,2,0,1,0,1,0,,1,1,0,0,1,1,1,1,1,0,0
Estate,Badulla,42,76,5,1,272.5309661,2,0,0,0,1,0,,1,1,0,0,1,1,1,0,0,0,0
Estate,Badulla,42,76,6,1,272.5309661,1,0,0,1,1,0,,1,1,0,0,1,1,1,0,0,0,0
Estate,Badulla,42,76,7,1,272.5309661,2,0,0,0,1,0,1,0,0,0,0,0,0,0,0,0,0,0
Estate,Badulla,42,76,8,1,272.5309661,1,0,1,1,1,0,,1,1,0,0,1,1,1,1,0,0,0
Estate,Badulla,42,76,9,1,272.5309661,2,0,0,0,1,0,,1,1,0,0,1,1,0,1,0,0,0
Estate,Badulla,42,76,10,1,272.5309661,2,0,1,1,1,0,,1,1,0,0,1,1,1,0,0,0,0
Estate,Badulla,24,123,1,1,249.8039108,1,0,0,0,0,0,1,1,1,0,0,1,1,0,1,1,0,0
Estate,Badulla,24,123,2,1,249.8039108,3,0,0,0,0,0,1,1,1,0,0,1,1,0,1,0,0,0
Estate,Badulla,24,123,3,1,249.8039108,1,0,0,0,0,0,1,1,1,0,0,1,1,0,1,0,0,0
Estate,Badulla,24,123,4,1,249.8039108,2,0,1,0,0,0,1,1,1,0,0,1,1,1,1,0,0,0
Estate,Badulla,24,123,5,1,249.8039108,1,0,0,0,0,0,0,0,0,0,0,0,0,0,1,0,0,0
Estate,Badulla,24,123,6,1,249.8039108,1,0,0,0,0,0,1,0,0,0,0,0,0,0,0,0,0,0
Estate,Badulla,24,123,7,1,249.8039108,1,0,0,0,0,0,1,0,0,0,0,0,0,0,0,0,0,0
Estate,Badulla,24,123,8,1,249.8039108,2,0,1,1,0,0,1,0,0,0,0,1,1,1,1,1,1,0
Estate,Badulla,24,123,9,1,249.8039108,1,0,0,0,0,0,1,1,0,0,0,1,1,0,0,0,0,0
Estate,Badulla,24,123,10,1,249.8039108,5,0,1,0,0,0,1,1,0,0,0,1,1,0,1,0,0,0
Estate,Badulla,24,128,1,1,292.3684669,1,0,0,0,0,0,1,1,0,0,0,1,0,0,1,0,0,0
Estate,Badulla,24,128,2,1,292.3684669,2,0,0,0,0,0,1,1,0,0,0,1,1,0,0,0,0,0
Estate,Badulla,24,128,3,1,292.3684669,1,0,0,0,0,0,1,0,0,0,0,1,1,0,0,0,1,0
Estate,Badulla,24,128,4,1,292.3684669,1,0,0,0,1,0,1,0,0,0,0,0,1,0,1,0,0,1
Estate,Badulla,24,128,5,1,292.3684669,1,0,0,0,0,0,1,0,0,0,1,1,1,0,0,0,0,0
Estate,Badulla,24,128,6,1,292.3684669,2,0,0,0,1,0,1,0,0,0,0,0,0,0,0,0,0,1
Estate,Badulla,24,128,7,1,292.3684669,1,0,0,0,0,0,1,1,0,0,0,1,1,0,0,0,0,0
Estate,Badulla,24,128,8,1,292.3684669,1,0,0,0,0,0,0,1,0,0,0,0,0,0,0,0,1,0
Estate,Badulla,24,128,9,1,292.3684669,3,0,0,0,0,0,1,0,0,0,0,1,1,0,0,0,0,0
Estate,Badulla,24,128,10,1,292.3684669,1,0,0,0,0,0,0,1,0,0,0,1,1,0,0,0,0,0
Estate,Badulla,39,132,1,1,248.9028424,2,0,0,0,1,0,1,0,0,1,0,0,0,0,0,0,0,0
Estate,Badulla,39,132,2,1,248.9028424,2,0,1,0,1,0,1,1,1,0,0,0,0,0,0,0,0,0
Estate,Badulla,39,132,3,1,248.9028424,3,0,0,0,1,0,1,1,0,0,0,1,0,0,0,1,0,0
Estate,Badulla,39,132,4,1,248.9028424,3,0,0,0,1,0,1,1,1,0,0,0,1,0,0,1,1,0
Estate,Badulla,39,132,5,1,248.9028424,1,0,0,0,1,0,1,1,1,0,0,0,0,0,1,0,0,0
Estate,Badulla,39,132,6,1,248.9028424,1,0,0,0,1,0,1,0,0,0,0,0,0,0,1,0,0,0
Estate,Badulla,39,132,7,1,248.9028424,1,0,0,0,1,0,1,1,1,0,0,1,1,0,1,1,1,0
Estate,Badulla,39,132,8,1,248.9028424,2,0,0,0,1,0,0,0,0,0,0,0,1,0,0,0,0,0
Estate,Badulla,39,132,9,1,248.9028424,1,0,0,0,1,0,1,0,0,0,0,1,0,0,0,0,0,0
Estate,Badulla,39,132,10,1,248.9028424,2,0,0,0,1,0,1,0,0,0,0,0,0,0,1,1,0,0
Estate,Moneragala,15,18,1,1,128.071965,1,0,0,0,0,0,1,0,0,0,0,0,0,0,0,0,0,0
Estate,Moneragala,15,18,2,1,128.071965,2,1,1,0,1,0,1,0,0,0,0,1,1,0,0,0,0,0
Estate,Moneragala,15,18,3,1,128.071965,2,0,0,0,0,0,1,0,0,0,0,0,0,0,0,0,0,0
Estate,Moneragala,15,18,4,1,128.071965,1,0,0,0,0,0,0,0,0,0,0,1,0,0,0,0,1,0
Estate,Moneragala,15,18,5,1,128.071965,1,1,1,1,1,1,1,1,0,0,1,1,1,1,1,0,1,0
Estate,Moneragala,15,18,6,1,128.071965,2,0,1,0,1,0,1,0,1,0,0,1,1,1,0,0,0,0
Estate,Moneragala,15,18,7,1,128.071965,1,0,0,0,1,0,1,1,1,0,0,0,1,0,1,0,0,0
Estate,Moneragala,15,18,8,1,128.071965,1,1,1,1,1,0,1,1,1,0,0,1,1,1,1,0,0,0
Estate,Moneragala,15,18,9,1,128.071965,1,1,1,0,1,0,1,1,1,0,0,1,1,1,1,0,0,0
Estate,Moneragala,15,18,10,1,128.071965,5,1,0,0,1,0,1,0,0,0,0,1,1,0,0,0,0,0
Estate,Moneragala,18,23,1,1,133.2993921,1,0,1,0,0,0,1,0,0,0,0,0,0,0,0,0,0,0
Estate,Moneragala,18,23,2,1,133.2993921,1,0,1,0,0,0,1,1,1,0,0,1,1,0,0,0,0,0
Estate,Moneragala,18,23,3,1,133.2993921,2,0,0,0,0,0,0,0,0,0,0,0,0,0,0,0,0,0
Estate,Moneragala,18,23,4,1,133.2993921,1,0,0,0,0,0,1,1,0,0,0,1,0,0,1,0,0,1
Estate,Moneragala,18,23,5,1,133.2993921,1,0,0,0,0,0,1,1,0,0,0,1,1,0,1,1,1,0
Estate,Moneragala,18,23,6,1,133.2993921,3,0,0,0,0,0,1,1,0,0,0,0,1,0,0,0,0,0
Estate,Moneragala,18,23,7,1,133.2993921,1,0,1,0,0,0,1,1,0,1,0,1,1,0,0,0,0,0
Estate,Moneragala,18,23,8,1,133.2993921,4,0,0,0,0,0,1,1,1,0,0,1,1,0,0,0,0,0
Estate,Moneragala,18,23,9,1,133.2993921,1,0,0,0,0,0,1,1,0,0,0,1,1,0,0,0,1,0
Estate,Moneragala,18,23,10,1,133.2993921,1,0,0,0,1,0,1,1,1,0,0,1,1,0,1,0,0,0